Mon Apr 03 23:14:03 CEST 2017 - Juliette ŸÜ ‚úèÔ∏è - Toulouse, France : #EmmanuelHollande";"et";"la";"d√©claration";"de";"son";"patrimoine...";"#Presidentielle2017";"https://t.co/2Cr3ukyFop";"via";"@atlantico_fr"
Mon Apr 03 23:13:52 CEST 2017 - La Gauloise FN -  : RT";"@AvecMarine2017:";"J-20";"#Presidentielle2017";":";"engagement";"n¬∞135";"de";"Marine";"Le";"Pen";":";"soutenir";"une";"fili√®re";"fran√ßaise";"de";"l'hydrog√®ne";"#Marine201‚Ä¶"
Mon Apr 03 23:13:42 CEST 2017 - Aurelya Bilard -  : 10";"propositions";"pour";"booster";"l'#alternance";"https://t.co/81eaJJgEt8";"#formation";"@GroupeIGS";"#Presidentielle2017";"https://t.co/lHhEDbid84"
Mon Apr 03 23:13:37 CEST 2017 - Arpin - IDF : @jbboursier";"@BFMTV";"@ApelMuller";"Je";"ne";"vois";"aucun";"discours";"de";"haine";"lorsque";"j";"ecoute";"florian";"philipot";"qui";"est";"tres";"in‚Ä¶";"https://t.co/FOX03djomu"
Mon Apr 03 23:13:20 CEST 2017 - Roro#FillonPresident -  : RT";"@MartadeCidrac:";"#Presidentielle2017";":";"je";"soutiens";"@FrancoisFillon";"pendant";"#LeGrandDebat";"et";"#JeVoteFillon";"d√®s";"le";"premier";"tour.";"https://t.‚Ä¶"
Mon Apr 03 23:13:11 CEST 2017 - AMO - Varsovie : RT";"@gerard_larcher:";".@FrancoisFillon";"pr√©sente";"un";"vrai";"projet";"pour";"la";"France.";"C'est";"pour";"√ßa";"que";"je";"suis";"√†";"ses";"c√¥t√©s";"#Presidentielle2017";"http‚Ä¶"
Mon Apr 03 23:13:08 CEST 2017 - RPR 974 R√©union - St Denis - St Pierre - Le Port : RT";"@JEANRENELAGET:";"Si";"sa";"ni√®ce";"d√©range";"sa";"#Presidentielle2017";"pourquoi";"#MLP";"/";"#LePen";"accepte";"que";"#Aliot";"continue";"de";"DIALOGUER";"avec";"#M√©nard‚Ä¶"
Mon Apr 03 23:13:08 CEST 2017 - Seb Moumoute - Paris, Ile-de-France : La";"Une";"de";"@libe";"ce";"mardi";"sur";"l'√©mergence";"de";"la";"question";"animale";"dans";"les";"programmes";"#Presidentielle2017";"https://t.co/YZxpCD0BLb"
Mon Apr 03 23:13:06 CEST 2017 - HenriIV -  : RT";"@JadeJoPS:";"[MESSAGE";"DE";"SERVICE]Aux";"hamonistes";"et";"aux";"m√©lenchonistes";"!Ne";"vous";"trompez";"pas";"d'adversaire";"!#Presidentielle2017";"https://‚Ä¶"
Mon Apr 03 23:13:02 CEST 2017 - NonAuMariageGay -  : RT";"@jmy_FR:";"#Macron,";"la";"d√©bandade";"c'est";"maintenant";"!";"#Presidentielle2017";"https://t.co/TRsZ8eWE89"
Mon Apr 03 23:13:01 CEST 2017 - RPR 974 R√©union - St Denis - St Pierre - Le Port : RT";"@JEANRENELAGET:";"Les";"propos";"de";"#MLP";"/";"#LePen";"sur";"sa";"ni√®ce";"concernant";"le";"droit";"√†";"la";"parole";"dans";"la";"#Presidentielle2017";"soulignent";"que";"le";"#‚Ä¶"
Mon Apr 03 23:13:00 CEST 2017 - StopMariageHomo -  : RT";"@jmy_FR:";"#Macron,";"la";"d√©bandade";"c'est";"maintenant";"!";"#Presidentielle2017";"https://t.co/TRsZ8eWE89"
Mon Apr 03 23:12:58 CEST 2017 - La Plume Libre Live - Monde entier : RT";"@lplweb:";"üñ•Ô∏è";"#Presidentielle2017";">";"Comment";"les";"m√©dias";"et";"les";"sondages";"fa√ßonnent";"et";"conditionnent";"votre";"vote";"[üñãÔ∏è";"@lauriecham_]";"https://t.c‚Ä¶"
Mon Apr 03 23:12:54 CEST 2017 - Zorglub Shiva -  : RT";"@David_Epinal:";"@benoithamon";"mon";"ami";"Serge";"a";"un";"message";"pour";"toi";"üòÄ#HamonTour";"#Hamon";"#JLM2017";"#medias";"#Presidentielle2017";"#PS";"https://t.‚Ä¶"
Mon Apr 03 23:12:52 CEST 2017 - Yoon -  : RT";"@Adeline_Chant:";"23000";"avant";"le";"d√©bat";"demain";"soir";"sur";"@BFMTV";"et";"@CNEWS";"?";"#FAMONTPELLIER";"#Presidentielle2017";"#Asselineau";"#UPR";"#Asselineau2‚Ä¶"
Mon Apr 03 23:12:39 CEST 2017 - Corinne Cadoret - Pays de la Loire, France : RT";"@AlertesNews:";"üî¥üá´üá∑";"#Pr√©sidentielle2017";"/";"J-21-Macron";"&";"Le";"Pen";"en";"t√™te-Fillon";"au";"niveau";"de";"M√©lenchon";"";"-Hamon";"s'effondre";"√†";"8%";"https://t.‚Ä¶"
Mon Apr 03 23:12:35 CEST 2017 - petel anne-laurence - Aix en Provence : RT";"@JeunesMacron:";"#Pr√©sidentielle2017";":";"Renaud";"annonce";"son";"soutien";"√†";"Macron";"https://t.co/cOgXvLgWaG"
Mon Apr 03 23:12:29 CEST 2017 - Les #Sondages d'Ange -  : RT";"@JadeJoPS:";"[MESSAGE";"DE";"SERVICE]Aux";"hamonistes";"et";"aux";"m√©lenchonistes";"!Ne";"vous";"trompez";"pas";"d'adversaire";"!#Presidentielle2017";"https://‚Ä¶"
Mon Apr 03 23:12:27 CEST 2017 - BeauBoboBonobo - Europe : RT";"@AlertesNews:";"üî¥üá´üá∑";"#Pr√©sidentielle2017";"/";"J-21-Macron";"&";"Le";"Pen";"en";"t√™te-Fillon";"au";"niveau";"de";"M√©lenchon";"";"-Hamon";"s'effondre";"√†";"8%";"https://t.‚Ä¶"
Mon Apr 03 23:12:10 CEST 2017 - Catherine Dall'Alba -  : RT";"@Fillon_78:";"üåàM√©t√©o";"de";"l'opinion";"du";"jour,";"les";"tendances";"ne";"sont";"pas";"celles";"des";"sondages.";"#Presidentielle2017";"https://t.co/DrXkiPHsK8"
Mon Apr 03 23:12:01 CEST 2017 - RPR  83 - Fr√©jus  : RT";"@JEANRENELAGET:";"Si";"sa";"ni√®ce";"d√©range";"sa";"#Presidentielle2017";"pourquoi";"#MLP";"/";"#LePen";"accepte";"que";"#Aliot";"continue";"de";"DIALOGUER";"avec";"#M√©nard‚Ä¶"
Mon Apr 03 23:11:55 CEST 2017 - RPR  83 - Fr√©jus  : RT";"@JEANRENELAGET:";"Les";"propos";"de";"#MLP";"/";"#LePen";"sur";"sa";"ni√®ce";"concernant";"le";"droit";"√†";"la";"parole";"dans";"la";"#Presidentielle2017";"soulignent";"que";"le";"#‚Ä¶"
Mon Apr 03 23:11:35 CEST 2017 - DROITISSIMO - PARIS : RT";"@GG_RMC:";"D√©bat";"#GGRMC";"-";"#Presidentielle2017";":";"@FrancoisFillon";"peut-il";"retourner";"la";"situation";"?R√©agissez";"au";"3216";"ou";"avec";"#GGRMC"
Mon Apr 03 23:11:25 CEST 2017 - Sabine Nagel - Bondoufle, Ile-de-France : RT";"@CuzouG:";"Lancement";"du";"#HamonTour";"pour";"faire";"battre";"le";"c≈ìur";"de";"la";"#France";"avec";"@benoithamon";"#Hamon2017";"#Presidentielle2017";"https://t.co/c‚Ä¶"
Mon Apr 03 23:11:23 CEST 2017 - St√©phanie Bouvier - Paris : RT";"@GG_RMC:";"D√©bat";"#GGRMC";"-";"#Presidentielle2017";":";"@FrancoisFillon";"peut-il";"retourner";"la";"situation";"?R√©agissez";"au";"3216";"ou";"avec";"#GGRMC"
Mon Apr 03 23:11:18 CEST 2017 - Christophe Bultel - Nantes : RT";"@phenixfr:";"L'appel";"de";"la";"#Fondation";"@Abbe_Pierre";"aux";"candidats";"#Presidentielle2017";"en";"faveur";"des";"#SansAbris";"#Pr√©sidentielle";"https://t.‚Ä¶"
Mon Apr 03 23:11:17 CEST 2017 - Louis XIV -  : RT";"@AvecMarine2017:";"J-20";"#Presidentielle2017";":";"engagement";"n¬∞26";"de";"Marine";":";"r√©duire";"l'immigration";"l√©gale";"√†";"un";"solde";"annuel";"de";"10";"000";"#Marine‚Ä¶"
Mon Apr 03 23:11:12 CEST 2017 - Marinca Sophie - Ajaccio : RT";"@rdinho3:";"#Presidentielle2017";":";"Explosons";"la";"baudruche";"#EnMarche";"!";"";"";"#EnMarche";"l'escroquerie";"#MacronVid√©o";"compl√®te";"https://t.co/qvhurR‚Ä¶"
Mon Apr 03 23:11:02 CEST 2017 - Alliance VITA 67 - Strasbourg : RT";"@allianceVITA:";"#Presidentielle2017";"#StopALaCasseSocietaleD√âCOUVREZ";"le";"bilan";"du";"quinquennat";"HollandeQui";"osera";"r√©parer";"les";"d√©g√¢ts";"?http‚Ä¶"
Mon Apr 03 23:10:42 CEST 2017 - Samuel Robinet üá´üá∑ - Montpellier, France : RT";"@Bruno_UPR:";""Nous";"ferons";"une";"vraie";"r√©volution";"par";"les";"urnes"#Asselineau2017";"#Frexit";"#Pr√©sidentielle2017";"#D√©mocratie";"#UPR";"https://t.co/g‚Ä¶"
Mon Apr 03 23:10:28 CEST 2017 - Manuella Schmitt - Strasbourg, France : RT";"@angelo_log666:";"Malheureusement";"ce";"n'est";"pas";"un";"#poissondavril";"mais";"notre";"campagne";"#Presidentielle2017";"!";"Un";"chef-d'≈ìuvre";"@antoinedecaune‚Ä¶"
Mon Apr 03 23:10:16 CEST 2017 - Sarvanot -  : RT";"@afpfr:";"#Presidentielle2017";"Le";"chanteur";"Renaud";"votera";"Macron,";""le";"seul";"sans";"casserole";"au";"cul"";"https://t.co/NkmVIOI0vj";"#AFP"
Mon Apr 03 23:09:54 CEST 2017 - georges grignon -  : RT";"@GG_RMC:";"D√©bat";"#GGRMC";"-";"#Presidentielle2017";":";"@FrancoisFillon";"peut-il";"retourner";"la";"situation";"?R√©agissez";"au";"3216";"ou";"avec";"#GGRMC"
Mon Apr 03 23:09:46 CEST 2017 - Houdayer P - Sud Sarthe  : RT";"@gerard_larcher:";".@FrancoisFillon";"pr√©sente";"un";"vrai";"projet";"pour";"la";"France.";"C'est";"pour";"√ßa";"que";"je";"suis";"√†";"ses";"c√¥t√©s";"#Presidentielle2017";"http‚Ä¶"
Mon Apr 03 23:09:39 CEST 2017 - Ki7i -  : RT";"@Fillon2017_P16:";"#LeGrandDebat";"demain";"soir";"20h40#Presidentielle2017je";"soutiens";"et";"retweete";"@FrancoisFillon";"et";"#JeVoteFillon";"d√®s";"le";"pre‚Ä¶"
Mon Apr 03 23:09:36 CEST 2017 - Micka√´l Mut -  : RT";"@LionelSaugues:";"On";"y";"croit";"et";"on";"se";"mobilise";"pour";"@EmmanuelMacron";"@enmarchefr";"@LadroiteavecEM";"@jeunesdroiteem";"#Presidentielle2017";"https:‚Ä¶"
Mon Apr 03 23:09:23 CEST 2017 - Lionel VAZZOLER - Paris : RT";"@FILTERIS_CANADA:";"Mesure";"#Filteris";"/";"#Eurom√©diations";"du";"3";"avril";"/";"#Poidsnum√©rique";"des";"candidats";"√†";"la";"#pr√©sidentielle2017";"#Buzz";"#Bigdata‚Ä¶"
Mon Apr 03 23:09:14 CEST 2017 - Bruno Souche - Montpellier, France : RT";"@AlertesNews:";"üî¥üá´üá∑";"#Pr√©sidentielle2017";"/";"J-21-Macron";"&";"Le";"Pen";"en";"t√™te-Fillon";"au";"niveau";"de";"M√©lenchon";"";"-Hamon";"s'effondre";"√†";"8%";"https://t.‚Ä¶"
Mon Apr 03 23:09:09 CEST 2017 - SalaceETgrosMythes -  : Ôºà‚ñº„Å∏‚ñºÔºâ-";"Fillon";"a";"des";"fins";"de";"mois";"difficiles";"....";"(‚ó£_‚ó¢)";"-";"Le";"mec";"touche";"ma";"paie";"tous";"les";"deux";"jours,";"et";"il";"gal√®re?#Presidentielle2017"
Mon Apr 03 23:09:02 CEST 2017 - RPR Alpes Maritimes - Nice  : RT";"@JEANRENELAGET:";"Si";"sa";"ni√®ce";"d√©range";"sa";"#Presidentielle2017";"pourquoi";"#MLP";"/";"#LePen";"accepte";"que";"#Aliot";"continue";"de";"DIALOGUER";"avec";"#M√©nard‚Ä¶"
Mon Apr 03 23:08:57 CEST 2017 - RPR Alpes Maritimes - Nice  : RT";"@JEANRENELAGET:";"Les";"propos";"de";"#MLP";"/";"#LePen";"sur";"sa";"ni√®ce";"concernant";"le";"droit";"√†";"la";"parole";"dans";"la";"#Presidentielle2017";"soulignent";"que";"le";"#‚Ä¶"
Mon Apr 03 23:08:30 CEST 2017 - BP - France : RT";"@_elections:";"Pr√©sidentielle:";"Dupont-Aignan";"propose";"une";"¬´¬†charte";"√©thique¬†¬ª";"aux";"candidats";"https://t.co/tohjTrxXF0";"#Presidentielle2017";"http‚Ä¶"
Mon Apr 03 23:08:15 CEST 2017 - M√©lanie David -  : RT";"@artsyastrid:";"#Voxe";"est";"dans";"la";"r√©gion";"#Rh√¥ne-Alpes";"pour";"r√©veiller";"la";"#d√©mocratie";"avec";"VOUS!";"#VoxeTour";"#jevoxe";"#pr√©sidentielle2017";"https‚Ä¶"
Mon Apr 03 23:08:07 CEST 2017 - ‚ò®A_ Pascal - France : RT";"@DLF_Paris16:";"#Pr√©sidentielle2017..Nicolas";"@dupontaignan";"propose";"une";""charte";"√©thique"";"aux";"10";"autres";"candidats..."
Mon Apr 03 23:07:59 CEST 2017 - Mathieu - Paris : RT";"@G_LVX:";"#Fillon";"240000‚Ç¨";"par";"mois";"n'arrive";"pas";"√†";"√©pargner...";"j'ai";"honte";"#Presidentielle2017"
Mon Apr 03 23:07:58 CEST 2017 - AvecMazetier - Paris, France : RT";"@afpfr:";"#Presidentielle2017";"Les";"discours";"des";"candidats";"sous";"la";"loupe";"de";"chercheurs";"https://t.co/OO8fHNhFAj";"#AFP";"https://t.co/p8Y6ohN6ZM"
Mon Apr 03 23:07:55 CEST 2017 - Meledwin -  : RT";"@LeNouveauMtp:";"Le";"candidat";"@UPR_Asselineau";"√†";"la";"#Presidentielle2017";"remplit";"@le_corum";"pour";"son";"premier";"meeting";"√†";"#Montpellier";"https://t.‚Ä¶"
Mon Apr 03 23:07:40 CEST 2017 - Jo Tardeau -  : Fran√ßais,";"le";"retour";"de";"la";"justice";"passe";"d'abord";"par";"l'application";"des";"peines";"prononc√©es.";"Votez";"#nda2017.";"#Presidentielle2017"
Mon Apr 03 23:07:33 CEST 2017 - Louis Daquin - MARTINIQUE : RT";"@AlertesNews:";"üî¥üá´üá∑";"#Pr√©sidentielle2017";"/";"J-21-Macron";"&";"Le";"Pen";"en";"t√™te-Fillon";"au";"niveau";"de";"M√©lenchon";"";"-Hamon";"s'effondre";"√†";"8%";"https://t.‚Ä¶"
Mon Apr 03 23:07:31 CEST 2017 - fred -  : RT";"@christinebouss1:";"Le";"futur";"Pr√©sident";"de";"la";"R√©publique";"et";"la";"future";"premi√®re";"Dame";"#NDA2017";"#lerecourscestNDA";"#Presidentielle2017";"https://‚Ä¶"
Mon Apr 03 23:07:26 CEST 2017 - Guy Caria - Toulouse, Fr. / Palermo, It. : #Presidentielle2017";"Le";"#No√´l";"de";"@FrancoisFillon";"https://t.co/MHMQroHqio"
Mon Apr 03 23:07:26 CEST 2017 - R√©seau Gaulliste‚ò® - France : RT";"@JEANRENELAGET:";"Si";"sa";"ni√®ce";"d√©range";"sa";"#Presidentielle2017";"pourquoi";"#MLP";"/";"#LePen";"accepte";"que";"#Aliot";"continue";"de";"DIALOGUER";"avec";"#M√©nard‚Ä¶"
Mon Apr 03 23:07:25 CEST 2017 - LAIDEBEUR - Haute-Savoie, Rh√¥ne-Alpes : RT";"@Adeline_Chant:";"23000";"avant";"le";"d√©bat";"demain";"soir";"sur";"@BFMTV";"et";"@CNEWS";"?";"#FAMONTPELLIER";"#Presidentielle2017";"#Asselineau";"#UPR";"#Asselineau2‚Ä¶"
Mon Apr 03 23:07:21 CEST 2017 - R√©seau Gaulliste‚ò® - France : RT";"@JEANRENELAGET:";"Les";"propos";"de";"#MLP";"/";"#LePen";"sur";"sa";"ni√®ce";"concernant";"le";"droit";"√†";"la";"parole";"dans";"la";"#Presidentielle2017";"soulignent";"que";"le";"#‚Ä¶"
Mon Apr 03 23:07:06 CEST 2017 - Marie Thepenier - France : RT";"@Lucie_Lucie47:";"#Presidentielle2017";"https://t.co/tRou7zMEds"
Mon Apr 03 23:07:04 CEST 2017 - Salomon Samira - MTP : .@benoithamon";"3ans";"d'application";"de";"#TAP,";"peut-on";"encore";"parler";"d'ajustement";"ou";"bien";"reconna√Ætre1";"#√©chec";"?‚Ä¶";"https://t.co/lRZ0mAJhgA"
Mon Apr 03 23:06:46 CEST 2017 - Houdayer P - Sud Sarthe  : RT";"@TPE_Fillon:";"#Fillon";"vous";"donne";"rdv";"Porte";"de";"Versailles";"le";"dimanche";"9";"avril";"√†";"15:00.";"#Presidentielle2017";"https://t.co/oNzUAIyjzA"
Mon Apr 03 23:06:36 CEST 2017 - RTEL ‚ñΩ - france : RT";"@20RueduCirque:";"Second";"tour";"#Presidentielle2017";"avec";"Marine";"vs";"M√©lanchon";",";"vous";"faites";"quoi";"?"
Mon Apr 03 23:06:32 CEST 2017 - delagane -  FINISTERE France : RT";"@Sondage_Opinion:";"üìä";"#Sondage";"#Elections2017";"üìäA";"40";"jours";"du";"1er";"Tour";"de";"l‚Äô√©lection";"#Presidentielle2017";"quel";"candidat";"est";"le";"plus";"proche‚Ä¶"
Mon Apr 03 23:06:27 CEST 2017 - LE RESISTANT -  : RT";"@Ludicweb:";"Apr√©s";"l'√©mission";"sur";"#Giscard,";"je";"me";"demande";"s'il";"serait";"pas";"un";"meilleur";"candidat";"aux";"#Presidentielle2017";"que";"les";"11";"actuels‚Ä¶"
Mon Apr 03 23:06:24 CEST 2017 - Renan Pouclet - Nantes : RT";"@AvecMarine2017:";"J-20";"#Presidentielle2017";":";"engagement";"n¬∞135";"de";"Marine";"Le";"Pen";":";"soutenir";"une";"fili√®re";"fran√ßaise";"de";"l'hydrog√®ne";"#Marine201‚Ä¶"
Mon Apr 03 23:06:16 CEST 2017 - Jp Baills -  : RT";"@SgenCFDT:";"[NOS";"VALEURS]";"Pouquoi";"le";"@SgenCFDT";"";"est";"frontalement";"oppos√©";"au";"#FN";"#Presidentielle2017";"https://t.co/61SeugwebK";"https://t.co/i‚Ä¶"
Mon Apr 03 23:06:14 CEST 2017 - ÿ£ŸÜŸÅÿßÿ≥‚ôûÿßŸÑÿ≠Ÿèÿ±ŸêŸäŸë€Å‚ô™ - ‚ôúÿ®ŸÑÿßÿØŸè ÿßŸÑÿπŸèÿ±ÿ®Ÿê ÿ£ŸéŸàÿ∑ÿßŸéŸÜŸêŸä‚ôú : RT";"@RiseUp75:";"Socialist";"French";"Government's";"complicity";"in";"#Saudi-led";"crimes";"against";"humanity";"and";"genocide";"in";"#Yemen#Presidentielle2017";"#St‚Ä¶"
Mon Apr 03 23:05:55 CEST 2017 - France19 -  : RT";"@gerard_larcher:";".@FrancoisFillon";"pr√©sente";"un";"vrai";"projet";"pour";"la";"France.";"C'est";"pour";"√ßa";"que";"je";"suis";"√†";"ses";"c√¥t√©s";"#Presidentielle2017";"http‚Ä¶"
Mon Apr 03 23:05:49 CEST 2017 - Blanc Pierre-Manuel - Nantes : RT";"@maelle128:";""J-L";"#M√©lenchon";"est";"en";"situation";"d'arriver";"au";"second";"tour";"et";"de";"gagner";"la";"#Presidentielle2017";""";"@Simonnet2";"#JLM2017";"#BFMTV"
Mon Apr 03 23:05:46 CEST 2017 - FrancetteJB -  : RT";"@spip03:";"et";"les";"m√©dias";"continuent";"√†";"nous";"dirent";"qu'il";"est";"√†";"26%?";"je";"n'y";"crois";"pas";"un";"seul";"instant";"#macron";"#JLM2017";"#Presidentielle2017";"#‚Ä¶"
Mon Apr 03 23:05:46 CEST 2017 - S√©bastien Alamercery - Boulogne-Billancourt : #MileHorn";"Pr√©sident";"!";"#ALEtatSauvage";"#Presidentielle2017"
Mon Apr 03 23:05:35 CEST 2017 - Alain Astresse - Honfleur : RT";"@s_cataldi:";"On";"y";"est!";"#lerecourscestNDA";"#Presidentielle2017";"https://t.co/FqgCRlC9Vi"
Mon Apr 03 23:05:34 CEST 2017 - Fran√ßoise GATEL -  : RT";"@l_amf:";"Soutenez";"le";"Manifeste";"des";"maires";"de";"France";"et";"des";"pr√©sidents";"d'intercommunalit√©";"#AMF2017";"#Presidentielle2017";"https://t.co/CiAVx5‚Ä¶"
Mon Apr 03 23:05:34 CEST 2017 - Twink Tchoin Twunk - Lille, France : RT";"@Ludicweb:";"Apr√©s";"l'√©mission";"sur";"#Giscard,";"je";"me";"demande";"s'il";"serait";"pas";"un";"meilleur";"candidat";"aux";"#Presidentielle2017";"que";"les";"11";"actuels‚Ä¶"
Mon Apr 03 23:05:32 CEST 2017 - Gosthy - Bayeux, France : RT";"@Ludicweb:";"Apr√©s";"l'√©mission";"sur";"#Giscard,";"je";"me";"demande";"s'il";"serait";"pas";"un";"meilleur";"candidat";"aux";"#Presidentielle2017";"que";"les";"11";"actuels‚Ä¶"
Mon Apr 03 23:05:25 CEST 2017 - Mask¬• -  : RT";"@BFMTV:";".@Marion_M_Le_Pen,";"la";"campagne";"en";"√©lectron";"libre.";"#Presidentielle2017";"https://t.co/bihGBmn5yO";"https://t.co/4ROkGvKacl"
Mon Apr 03 23:05:18 CEST 2017 - Ollivier GILLES - Montfort l'Amaury : RT";"@GG_RMC:";"D√©bat";"#GGRMC";"-";"#Presidentielle2017";":";"@FrancoisFillon";"peut-il";"retourner";"la";"situation";"?R√©agissez";"au";"3216";"ou";"avec";"#GGRMC"
Mon Apr 03 23:04:57 CEST 2017 - Nadia Bey - France - Alg√©rie : RT";"@PS19encampagne:";"#Hamon2017";"#Presidentielle2017";"Demain";"c'est";"#supportparty";"@benoithamon";"pour";"le";"#Debatbfm";"√†";"√âlys√©e";"Montmartre";"üëâ";"https://‚Ä¶"
Mon Apr 03 23:04:56 CEST 2017 - Raphyki - Nord, Nord-Pas-de-Calais : #Presidentielle2017";"#Debatbfm";"je";"suis";"casi";"sur";"que";"ce";"sera";"10";"contre";"1.";"#Asselineau2017";"l'homme";"a";"abattre."
Mon Apr 03 23:04:54 CEST 2017 - üåπGa√´tan Andrieuxüåç - Europe  : RT";"@AlterEco_:";"Demandez";"le";"programme";"!";"Les";"propositions";"d√©crypt√©es";"des";"candidats";"√†";"la";"#Presidentielle2017";"dans";"notre";"dernier";"num√©ro";"https:/‚Ä¶"
Mon Apr 03 23:04:54 CEST 2017 - Claire - Paris. : Travail";"impressionnant";"de";"Politique";"&";"Animaux";"qui";"r√©pertorie";"les";"d√©clarations";"des";"candidats";"#Presidentielle2017https://t.co/B8XDIBh1gI"
Mon Apr 03 23:04:52 CEST 2017 - FPF oecumenisme - Paris : RT";"@afpfr:";"#Presidentielle2017";"Les";"discours";"des";"candidats";"sous";"la";"loupe";"de";"chercheurs";"https://t.co/OO8fHNhFAj";"#AFP";"https://t.co/p8Y6ohN6ZM"
Mon Apr 03 23:04:50 CEST 2017 - Alliance VITA 67 - Strasbourg : RT";"@allianceVITA:";"#Presidentielle2017";"ALERTE";"sur";"les";"enjeux";"bio√©thiques";"de";"la";"campagne";"avec";"@TDerville";":";"Qui";"osera";"r√©parer";"les";"d√©g√¢ts";"?";"#St‚Ä¶"
Mon Apr 03 23:04:49 CEST 2017 - nicole - herault : RT";"@David_Epinal:";"@benoithamon";"mon";"ami";"Serge";"a";"un";"message";"pour";"toi";"üòÄ#HamonTour";"#Hamon";"#JLM2017";"#medias";"#Presidentielle2017";"#PS";"https://t.‚Ä¶"
Mon Apr 03 23:04:43 CEST 2017 - vojinovic - Toulouse, France : Pour";"qui";"allez-vous";"voter";"au";"1er";"tour";"de";"l'√©lection";"pr√©sidentielle";"?";"https://t.co/o2761idF4f";"#Presidentielle2017";"via";"@2017Election1"
Mon Apr 03 23:04:29 CEST 2017 - SdeLaMoissonni√®re - Paris / Quimper / New-York  : RT";"@soazigdlm:";"A";"week";"in";"pictures";"with";"@EmmanuelMacron";"¬©Soazig";"de";"la";"Moissonni√®re";"";"#Embedded";"#PhotographeOfficielle";"#Presidentielle2017";"";"#J‚Ä¶"
Mon Apr 03 23:04:28 CEST 2017 - Emily P -  : RT";"@LionelSaugues:";"On";"y";"croit";"et";"on";"se";"mobilise";"pour";"@EmmanuelMacron";"@enmarchefr";"@LadroiteavecEM";"@jeunesdroiteem";"#Presidentielle2017";"https:‚Ä¶"
Mon Apr 03 23:04:22 CEST 2017 - vojinovic - Toulouse, France : RT";"@2017Election1:";"Devant";"le";"#DebatTF1";"?Exprimez-vous";"√†";"travers";"notre";"#sondage";":";"https://t.co/0oFfCircu6";"#Presidentielle2017"
Mon Apr 03 23:04:21 CEST 2017 - Eric VERNIER -  : RT";"@CedricUPR:";"Elys√©e";"2017";":";"pour";"Asselineau,";""L‚ÄôEurope,";"c‚Äôest";"la";"fin";"de";"la";"d√©mocratie"";"https://t.co/BCvNErAeeB";"#Presidentielle2017"
Mon Apr 03 23:04:17 CEST 2017 - Patrick Juillard - Paris, France : Renaud";"annonce";"son";"soutien";"√†";"#Macron.";"On";"attend";"maintenant";"le";"ralliement";"de";"Michel";"Sardou";"√†";"#M√©lenchon.";"#Presidentielle2017"
Mon Apr 03 23:04:14 CEST 2017 - ADN Sarkozy - Paris, France : #Presidentielle2017";"Les";"discours";"des";"candidats";"sous";"la";"loupe";"de";"chercheurs";"https://t.co/O28iJ6UoCz";"#AFP";"https://t.co/DApuaOOys9"
Mon Apr 03 23:04:12 CEST 2017 - Ludicweb.fr - Languedoc-Roussillon - Gard : Apr√©s";"l'√©mission";"sur";"#Giscard,";"je";"me";"demande";"s'il";"serait";"pas";"un";"meilleur";"candidat";"aux";"#Presidentielle2017";"que";"les";"11";"actuels";"üòÖ..."
Mon Apr 03 23:04:02 CEST 2017 - Lionel Saugues - Saint-Etienne, Rh√¥ne-Alpes : On";"y";"croit";"et";"on";"se";"mobilise";"pour";"@EmmanuelMacron";"@enmarchefr";"@LadroiteavecEM";"@jeunesdroiteem";"#Presidentielle2017";"https://t.co/SDalzoI4bn"
Mon Apr 03 23:03:58 CEST 2017 - Lili Brinderbe - Paris : RT";"@ElisaSVB:";"Encore";"1";"preuve";"que";"celui";"qui";"comprends";"le";"mieux";"les";"jeunes";"c'est";"@benoithamon";"#ServiceCivique";"#JLM";"#Presidentielle2017";"#macr‚Ä¶"
Mon Apr 03 23:03:54 CEST 2017 - Fantominus -  : RT";"@ldevilloutreys:";".@MLP_officiel";"Bain";"de";"foule";"pour";"@MLP_officiel";"√†";"la";"foire";"de";"#Lencloitre#Presidentielle2017";"https://t.co/FlxC0rGn5c"
Mon Apr 03 23:03:50 CEST 2017 - Kim Next - France : RT";"@Adeline_Chant:";"23000";"avant";"le";"d√©bat";"demain";"soir";"sur";"@BFMTV";"et";"@CNEWS";"?";"#FAMONTPELLIER";"#Presidentielle2017";"#Asselineau";"#UPR";"#Asselineau2‚Ä¶"
Mon Apr 03 23:03:50 CEST 2017 - Agn√®sLacointeNS#SPF - FRANCE : RT";"@christinebouss1:";"Le";"futur";"Pr√©sident";"de";"la";"R√©publique";"et";"la";"future";"premi√®re";"Dame";"#NDA2017";"#lerecourscestNDA";"#Presidentielle2017";"https://‚Ä¶"
Mon Apr 03 23:03:50 CEST 2017 - R√©seau Gaulliste‚ò® - France : RT";"@LCP:";"Demain";"√†";"8h30,";"@boucherbrigit";"re√ßoit";"@jeanlassalle,";"candidat";"√†";"l‚Äô√©lection";"#Presidentielle2017,";"dans";"#PolMat";"https://t.co/tj8vHXv7Gs"
Mon Apr 03 23:03:45 CEST 2017 - Leroy J√©r√©my - Pays de la Loire, France : RT";"@MaelRannou:";"Et";"on";"fait";"un";"grand";"coucou";"√†";"@ValerieHayer";"@JeanArthuis";"@MottierB";"@PECormier";"...";"#Mayenne";"#Presidentielle2017";"#UDI";"https://‚Ä¶"
Mon Apr 03 23:03:42 CEST 2017 - Francois -  : Un";"fran√ßais";"sur";"trois";"n'√†";"pas";"encore";"d√©cid√©";"pour";"qui";"voter.";"Or";"l'essentiel";"";"se";"jouera";"";"des";"le";"premier";"tour";"des‚Ä¶";"https://t.co/TqcsBimIG0"
Mon Apr 03 23:03:14 CEST 2017 - Palestine .ŸÖ -  : RT";"@spip03:";"et";"les";"m√©dias";"continuent";"√†";"nous";"dirent";"qu'il";"est";"√†";"26%?";"je";"n'y";"crois";"pas";"un";"seul";"instant";"#macron";"#JLM2017";"#Presidentielle2017";"#‚Ä¶"
Mon Apr 03 23:03:13 CEST 2017 - Adeline Chantoiseau - Rennes : 23000";"avant";"le";"d√©bat";"demain";"soir";"sur";"@BFMTV";"et";"@CNEWS";"?";"#FAMONTPELLIER";"#Presidentielle2017";"#Asselineau";"#UPR‚Ä¶";"https://t.co/zKXs1e1yQC"
Mon Apr 03 23:03:12 CEST 2017 - APE - Paris, France : RT";"@afpfr:";"#Presidentielle2017";"Les";"discours";"des";"candidats";"sous";"la";"loupe";"de";"chercheurs";"https://t.co/OO8fHNhFAj";"#AFP";"https://t.co/p8Y6ohN6ZM"
Mon Apr 03 23:03:06 CEST 2017 - Claire - Paris. : La";"cause";"animale,";"l'observatoire";""Politique";"et";"animaux",";"et";"la";"#pr√©sidentielle2017,";"via";"@libe";"https://t.co/0cz8MsaVFk"
Mon Apr 03 23:02:54 CEST 2017 - chams -  : RT";"@JadeJoPS:";"#Presidentielle2017#Fillon";":";""Je";"n'ai";"pas";"de";"le√ßon";"√†";"recevoir";"en";"mati√®re";"de";"valeurs";"r√©publicaines"";"#BourdinDirectHeu,";"un";"p‚Ä¶"
Mon Apr 03 23:02:49 CEST 2017 - S√©bastien Chabas - Paris : RT";"@FFBatiment:";"Trois";"oubli√©s";"ds";"la";"#Presidentielle2017";":";"la";"simplification,";"la";"transition";"√©nerg√©tique";"&";"le";"budget";"logement.";"Il";"faut";"en";"d√©b‚Ä¶"
Mon Apr 03 23:02:46 CEST 2017 - Rabatel - Et hop ville : Rabatel,";"le";"Journal";"est";"sorti";"de";"presse!";"https://t.co/trmczscJN2";"#presidentielle2017";"#lapresseplus"
Mon Apr 03 23:02:39 CEST 2017 - Mickael SAILOR - St Gilles Croix de Vie  : RT";"@AvecMarine2017:";"J-20";"#Presidentielle2017";":";"engagement";"n¬∞135";"de";"Marine";"Le";"Pen";":";"soutenir";"une";"fili√®re";"fran√ßaise";"de";"l'hydrog√®ne";"#Marine201‚Ä¶"
Mon Apr 03 23:02:36 CEST 2017 - tartagueule -  : RT";"@UPR_Asselineau:";"Je";"suis";"l'invit√©";"radio";"de";"@franceinfo";"√†";"9h10,";"pour";"une";"dizaine";"de";"minutes.";"#Presidentielle2017";"https://t.co/C7ajz6y9y2"
Mon Apr 03 23:02:31 CEST 2017 - tartagueule -  : RT";"@danyamed:";"Si";"il";"n'y";"a";"plus";"de";"politique";"#Nationale";"alors";"Qui";"gouverne";"la";"#France";"?";"#UPR";"#Asselineau2017";"";"#Presidentielle2017";"https://t.‚Ä¶"
Mon Apr 03 23:02:30 CEST 2017 - Digeos  Fabrice - Nouvelle  Aquitaine  : RT";"@AlertesNews:";"üî¥üá´üá∑";"#Pr√©sidentielle2017";"/";"J-21-Macron";"&";"Le";"Pen";"en";"t√™te-Fillon";"au";"niveau";"de";"M√©lenchon";"";"-Hamon";"s'effondre";"√†";"8%";"https://t.‚Ä¶"
Mon Apr 03 23:02:26 CEST 2017 - Patrick CHENU ‚ñΩüá´üá∑ -  : RT";"@AvecMarine2017:";"J-20";"#Presidentielle2017";":";"engagement";"n¬∞135";"de";"Marine";"Le";"Pen";":";"soutenir";"une";"fili√®re";"fran√ßaise";"de";"l'hydrog√®ne";"#Marine201‚Ä¶"
Mon Apr 03 23:02:22 CEST 2017 - Pascal Lafont - Sud - France  : RT";"@Ultor42:";"PIERRE";"#JOVANOVIC";":";"LES";"ELECTIONS";"PR√âSIDENTIELLES";"SONT";"MANIPUL√âES";"@pierrejovanovic";"#presidentielle2017";"#politique";"";"https://t.c‚Ä¶"
Mon Apr 03 23:02:15 CEST 2017 - Pascal RENAUD -  : RT";"@EMacron_2017:";"[J-20";"!";"REPORTAGE";"#TF1]24H";"AVEC";"EMMANUEL";"#MACRON#Macron2017";"#MacronPr√©sident";"#EnMarche";"#Pr√©sidentielle2017...";"https://t‚Ä¶"
Mon Apr 03 23:02:03 CEST 2017 - tartagueule -  : RT";"@FabriceGarcia3:";"Cette";"#Presidentielle2017";"est";"exaltante!";"Nous";"avons";"l'occasion";"de";"r√©tablir";"notre";"choix";"d√©mocratique";"du";"#R√©f√©rendum2005!‚Ä¶"
Mon Apr 03 23:02:02 CEST 2017 - Parmantier -  : RT";"@David_Epinal:";"@benoithamon";"mon";"ami";"Serge";"a";"un";"message";"pour";"toi";"üòÄ#HamonTour";"#Hamon";"#JLM2017";"#medias";"#Presidentielle2017";"#PS";"https://t.‚Ä¶"
Mon Apr 03 23:01:57 CEST 2017 - Magali B - Rh√¥ne, Rh√¥ne-Alpes : RT";"@David_Epinal:";"@benoithamon";"mon";"ami";"Serge";"a";"un";"message";"pour";"toi";"üòÄ#HamonTour";"#Hamon";"#JLM2017";"#medias";"#Presidentielle2017";"#PS";"https://t.‚Ä¶"
Mon Apr 03 23:01:56 CEST 2017 - Geo - Paris, France : RT";"@antoinedabbundo:";""Des";"Fran√ßais";"solidaires";"et";"g√©n√©reux",";"par";"@FredRoder";"@ONE.";"Et";"les";"candidats";"#pr√©sidentielle2017";"?";"#APD";"#capoupascap";"h‚Ä¶"
Mon Apr 03 23:01:54 CEST 2017 - delagane -  FINISTERE France : RT";"@fandebleu:";"#ONPC";"Nos";"compatriotes";"d'outre";"mer";"aiment";"#Marine2017";"et";"Marine";"leur";"rend";"bien";"Bonsoir.#Presidentielle2017";"https://t.co/R‚Ä¶"
Mon Apr 03 23:01:44 CEST 2017 - Cagnois - Alpes-Maritimes, France : @ECiotti";"vous";"√™tes";"en";"roue";"libre";"M.Ciotti.";"Votre";"candidat";"n'est";"plus";"du";"tout";"cr√©dible";"aux";"yeux";"des";"contribuables";"FR‚Ä¶";"https://t.co/TtCalPrUwW"
Mon Apr 03 23:01:42 CEST 2017 - Apollonios de Tyane - Auriol, France : RT";"@Filteris:";"Mesure";"#Filteris";"/";"#Euromediations";"";"03-04";"/";"#poidsnumerique";"";"des";"candidats";"√†";"la";"#Presidentielle2017";"#Buzz";"#Bigdata";"https://t‚Ä¶"
Mon Apr 03 23:01:41 CEST 2017 - Herv√© Pattarino - Nice, France : Atelier";"des";"lois";"#1";"-";"Eau";"bien";"commun";"https://t.co/mx7DH6uNgZ";"#Presidentielle2017";"#Elections2017";"#AvenirEnCommun";"#Melenchon";"#JLM2017";"#FI"
Mon Apr 03 23:01:40 CEST 2017 - tartagueule -  : RT";"@da_zezinha:";"Pourquoi";"#Melenchon";"fuit";"le";"d√©bat";"avec";"#Asselineau2017";"?";"R√©ponse";":";"IL";"MENT";"!";"#FranceInsoumise";"#Presidentielle2017";"https://t‚Ä¶"
Mon Apr 03 23:01:38 CEST 2017 - üá´üá∑Yannick Maes - Armenti√®res, France : RT";"@fdevoyer:";"Question";"philo:";"peut-on";"parler";"de";"passage";"√†";"vide";"pour";"Macreux?";"üôÑ#Macron";"#Presidentielle2017";"https://t.co/S5KBvKnmbr"
Mon Apr 03 23:01:35 CEST 2017 - Philippe Nadouce - London, Ile de R√© : RT";"@Filteris:";"Mesure";"#Filteris";"/";"#Euromediations";"";"03-04";"/";"#poidsnumerique";"";"des";"candidats";"√†";"la";"#Presidentielle2017";"#Buzz";"#Bigdata";"https://t‚Ä¶"
Mon Apr 03 23:01:34 CEST 2017 - Eric VERNIER -  : RT";"@UprArdeche:";"Voici";"le";"site";"de";"campagne";"de";"Francois";"Asselineau";"#Presidentielle2017";"#Asselineau2017https://t.co/KuGPqa1Xjd";"https://t.co/x‚Ä¶"
Mon Apr 03 23:01:26 CEST 2017 - Arnaud Chautard üáÆüá© - Paris, France : VOTEZ";"KYLIAN";"2017";"!";"#Presidentielle2017";"#UNFP";"#Mbappe";"@KMbappe";"https://t.co/qsjcn3OomZ"
Mon Apr 03 23:01:20 CEST 2017 - tartagueule -  : RT";"@da_zezinha:";"Si";"";"#Asselineau";"perd";"la";"#Presidentielle2017";"le";"#CETA";"sera";"jug√©";"constitutionnel.";"Il";"est";"temps";"de";"se";"renseigner.";"La";"suite";"c'e‚Ä¶"
Mon Apr 03 23:01:10 CEST 2017 - Isabelle CUBILLE - Strasbourg : RT";"@allianceVITA:";"#Presidentielle2017";"#StopALaCasseSocietaleD√âCOUVREZ";"le";"bilan";"du";"quinquennat";"HollandeQui";"osera";"r√©parer";"les";"d√©g√¢ts";"?http‚Ä¶"
Mon Apr 03 23:00:57 CEST 2017 - Pascal RENAUD -  : RT";"@JadeJoPS:";"#Fillon";"vous";"n'avez";"pas";"honte";"?Encore";"un";"mensonge";"!#Presidentielle2017";"#FillonGate";"@FrancoisFillon";"https://t.co/wWQ8PJseTP"
Mon Apr 03 23:00:54 CEST 2017 - yanaryso - nice : RT";"@AlertesNews:";"üî¥üá´üá∑";"#Pr√©sidentielle2017";"/";"J-21-Macron";"&";"Le";"Pen";"en";"t√™te-Fillon";"au";"niveau";"de";"M√©lenchon";"";"-Hamon";"s'effondre";"√†";"8%";"https://t.‚Ä¶"
Mon Apr 03 23:00:51 CEST 2017 - Carr√© Gilles - Sillegny, France : RT";"@enmarcheletour:";"Arr√™t";"en";"bord";"de";"mer";"sur";"la";"route";"pour";"#Coutainville";"#Presidentielle2017";"#EnMarche";"https://t.co/r3YLyFK0S1"
Mon Apr 03 23:00:43 CEST 2017 - don diego de la vega - Aulnay sous bois : RT";"@Urtikan_net:";"Pr√©sidentielle";"sacrifice";"chez";"les";"R√©publicains";"#DessinDuJour";"de";"Lasserpe";"#fillon";"#LR";"#Presidentielle2017";"#FillonGate";"https‚Ä¶"
Mon Apr 03 23:00:32 CEST 2017 - tartagueule -  : RT";"@UPR_Asselineau:";"Pourquoi";"tant";"de";"haine";"m√©diatique?";"-";"D√©bat";"√†";"la";"librairie";"Tropiques";"de";"Paris";"";"#Presidentielle2017";"https://t.co/mro9fUIB‚Ä¶"
Mon Apr 03 23:00:31 CEST 2017 - Emmanuel Hollande - France : RT";"@GG_RMC:";"D√©bat";"#GGRMC";"-";"#Presidentielle2017";":";"@FrancoisFillon";"peut-il";"retourner";"la";"situation";"?R√©agissez";"au";"3216";"ou";"avec";"#GGRMC"
Mon Apr 03 23:00:26 CEST 2017 - H√©l√®ne M.  INSPIRAT¬∞ - France : RT";"@DavidSANFILIPP0:";"#Presidentielle2017";"#EnMarche";"#Modem";"#Macron";"a";"bien";"promis";"des";"circonscriptions";"√†";"#Bayrou";"https://t.co/l4i20hlEUi";"vi‚Ä¶"
Mon Apr 03 23:00:23 CEST 2017 - Tanneguy ŸÜ -  : RT";"@allianceVITA:";"UNE";"question";"au";"C≈íUR";"de";"la";"#Presidentielle2017Quel";"candidat";"osera";"r√©parer";"les";"d√©g√¢ts";"?https://t.co/OAToz3TJMr";"https://‚Ä¶"
Mon Apr 03 23:00:23 CEST 2017 - Jean-Claude Planes ‚ò® - Agde, Languedoc-Roussillon : RT";"@JEANRENELAGET:";"Si";"sa";"ni√®ce";"d√©range";"sa";"#Presidentielle2017";"pourquoi";"#MLP";"/";"#LePen";"accepte";"que";"#Aliot";"continue";"de";"DIALOGUER";"avec";"#M√©nard‚Ä¶"
Mon Apr 03 23:00:18 CEST 2017 - Jean-Claude Planes ‚ò® - Agde, Languedoc-Roussillon : RT";"@JEANRENELAGET:";"Les";"propos";"de";"#MLP";"/";"#LePen";"sur";"sa";"ni√®ce";"concernant";"le";"droit";"√†";"la";"parole";"dans";"la";"#Presidentielle2017";"soulignent";"que";"le";"#‚Ä¶"
Mon Apr 03 23:00:04 CEST 2017 - Eric VERNIER -  : RT";"@UprArdeche:";"F.Asselineau";"sur";"CNews";"demain";"mardi";"√†";"partir";"de";"21H00.#Presidentielle2017";"#Asselineau2017...";"https://t.co/qTdOsOXzEj"
Mon Apr 03 22:59:49 CEST 2017 - Pascal RENAUD -  : RT";"@AlertesNews:";"üî¥üá´üá∑";"#Pr√©sidentielle2017";"/";"J-21-Macron";"&";"Le";"Pen";"en";"t√™te-Fillon";"au";"niveau";"de";"M√©lenchon";"";"-Hamon";"s'effondre";"√†";"8%";"https://t.‚Ä¶"
Mon Apr 03 22:59:46 CEST 2017 - Isabelle -  : RT";"@Marcheur93:";"Emmanuel";"#Macron";"est";"le";"seul";"candidat";"√†";"proposer";"une";"politique";"√©trang√®re";"digne";"de";"la";"France";"#Pr√©sidentielle2017https://t.c‚Ä¶"
Mon Apr 03 22:59:36 CEST 2017 - GfranceFrance - Saint-Maurice-de-Cazevieille : RT";"@fdevoyer:";"Question";"philo:";"peut-on";"parler";"de";"passage";"√†";"vide";"pour";"Macreux?";"üôÑ#Macron";"#Presidentielle2017";"https://t.co/S5KBvKnmbr"
Mon Apr 03 22:59:35 CEST 2017 - Corto de Breg ŸÜ - Cannon beach, OR : RT";"@bernardsala:";",";"Saluons";"son";"retour...@RdeMontauban";"est";"de";"retour...il";"va";"nous";"dire";"pour";"qui";"il";"vote";"..#Presidentielle2017"
Mon Apr 03 22:59:31 CEST 2017 - Emmanuel Cram√© - Vid√©o ci-apr√®s : Un";"tournant";"dans";"la";"campagne";"#Presidentielle2017";"?";"#Melenchon";"";"https://t.co/AobRMP1wYH"
Mon Apr 03 22:59:26 CEST 2017 - Lionel COSTES -  : RT";"@afpfr:";"#Presidentielle2017";"Le";"chanteur";"Renaud";"votera";"Macron,";""le";"seul";"sans";"casserole";"au";"cul"";"https://t.co/NkmVIOI0vj";"#AFP"
Mon Apr 03 22:59:23 CEST 2017 - Franck Ricci - France : PIERRE";"#JOVANOVIC";":";"LES";"ELECTIONS";"PR√âSIDENTIELLES";"SONT";"MANIPUL√âES";"@pierrejovanovic";"#presidentielle2017";"#politique";"";"https://t.co/Joq2L6YVkL"
Mon Apr 03 22:59:15 CEST 2017 - ConteDeCampagne - Rouen : RT";"@RTenfrancais:";"#Presidentielle2017,";"#EnMarche";":";"le";"mouvement";"revendique";"230";"000";"adh√©rents...";"Mais";"qui";"sont-ils";"?";"https://t.co/TBdnKlAAJn"
Mon Apr 03 22:59:13 CEST 2017 - Merlin - mon cul : RT";"@AvecMarine2017:";"J-20";"#Presidentielle2017";":";"engagement";"n¬∞26";"de";"Marine";":";"r√©duire";"l'immigration";"l√©gale";"√†";"un";"solde";"annuel";"de";"10";"000";"#Marine‚Ä¶"
Mon Apr 03 22:59:12 CEST 2017 - Blek Le Roc Tadalafi -  : Ben";"Oit";"#Hamon";":";""Jean-Luc";"!";"Jean-Luc";"!";"Je";"me";"noie,";"apporte-moi";"tes";"noix";"!"";"üòÇ";"";"";"#Presidentielle2017";"https://t.co/yaLQNOoBqR"
Mon Apr 03 22:59:06 CEST 2017 - Trouv√© Emmanuel -  : RT";"@publicsenat:";"üö®#TDinfos";"#Pr√©sidentielle2017";"@MLP_officiel";"est";"l'invit√©e";"de";"@viguier_cyril.";"Elle";"r√©pondra";"aux";"questions";"de";"CBordet";"et";"@ms‚Ä¶"
Mon Apr 03 22:59:02 CEST 2017 - Sylvain Da Silva - Rueil-Malmaison : @macron";"√†";"Marseille";":";"son";""chauffeur"";"de";"salle";"fait";"siffler";"le";"@PSG_inside";".";"Hourra";"la";"campagne";"s'√©l√®ve";";-)";"#Presidentielle2017"
Mon Apr 03 22:58:57 CEST 2017 - Jean-S√©bastienProust - Poitiers, France : RT";"@revueconflits:";"Une";"√©lection";"tr√®s";"#g√©opolitique.";"√âditorial";"du";"n¬∞13,";"par";"Pascal";"Gauchon";"‚ñ∫";"https://t.co/4ExpBOKDiL";"#Presidentielle2017";"#Co‚Ä¶"
