1,Fri Apr 07 10:55:57 CEST 2017 - J-30 üòç‚ù§Ô∏è - Photoshop : RT"
2,"@Flygoow:"
3,"#Poutou"
4,"c'est"
5,"Rap"
6,"God"
7,"#LeGrandDebat"
8,"https://t.co/Yeg3UlUALA"
9,Fri Apr 07 10:55:41 CEST 2017 - Gortyne -  : @Landdry_"
10,"@InconnuACT8"
11,"#FN"
12,"#Asselineau"
13,"C'est"
14,"vrai"
15,"ou"
16,"faux"
17,"?"
18,"Avouez"
19,"qu'il"
20,"est"
21,"difficile"
22,"d'entrer"
23,"+"
24,"dans"
25,"les"
26,"d√©tails"
27,"en"
28,"1min30."
29,Fri Apr 07 10:55:38 CEST 2017 - JL67 -  : RT"
30,"@Mathieu71_xls:"
31,"#Macron"
32,"a"
33,"menti"
34,"√†"
35,"Dupont"
36,"Aignan"
37,"!"
38,""
39,"https://t.co/O4dzkQdhEV"
40,Fri Apr 07 10:55:38 CEST 2017 - CF - Annecy : RT"
41,"@PeurAvion:"
42,"#LeGrandDebat:"
43,"militants"
44,"de"
45,"#Fillon"
46,"ont"
47,"encore"
48,"gagn√©"
49,"le"
50,"match"
51,"des"
52,"r√©seaux"
53,"sociaux.#EmmanuelHollande"
54,"30.000"
55,"tweets,"
56,"#JeV‚Ä¶"
57,Fri Apr 07 10:55:32 CEST 2017 - . - Lille, France : RT"
58,"@Somany_thingx:"
59,"On"
60,"d'accord"
61,"il"
62,"mis"
63,"tout"
64,"monde"
65,"üòÇüòÇüòÇüòÇ"
66,"#Presidentielle2017"
67,"https://t.co/PvtZmHsxJ5"
68,Fri Apr 07 10:55:28 CEST 2017 - 13reasonswhy spoiler -  : RT"
69,"@goldenmoustache:"
70,"D√©sol√©"
71,"@dupontaignan,"
72,"c'√©tait"
73,"vraiment"
74,"trop"
75,"tentant.#LeGrandDebat"
76,"#PibPib"
77,"https://t.co/jRVidUDl1u"
78,Fri Apr 07 10:55:26 CEST 2017 - Greg¬¥oose -  : RT"
79,"@BFMTV:"
80,"@JeanLassalle"
81,"arriv√©"
82,"dernier‚Ä¶"
83,"retard"
84,"depuis"
85,"sa"
86,"naissance"
87,"a-t-il"
88,"expliqu√©"
89,"https://t.co/ExCkygtejn"
90,Fri Apr 07 10:55:24 CEST 2017 - feminite adh√©renteFN - Pays de la Loire, France : RT"
91,Fri Apr 07 10:55:18 CEST 2017 - Paroles #NS2017 -  : RT"
92,"@verauvert:"
93,"1"
94,"vraie"
95,"le√ßon"
96,"g√©opolitique"
97,"par"
98,"F."
99,"Fillon"
100,"sur"
101,"la"
102,"question"
103,"du"
104,"terrorisme"
105,"Une"
106,"connaissance"
107,"sujet"
108,"et"
109,"visio‚Ä¶"
110,Fri Apr 07 10:55:12 CEST 2017 - ATK/Nexus Le Dodgeur -  : RT"
111,"@MundoPolitix:"
112,"Avant"
113,"d'hurler"
114,"au"
115,"cabinet"
116,"noir,"
117,"regarder"
118,"coh√©rence"
119,"programme"
120,"#M√©lenchon"
121,"https://t.co/nD13nUJb‚Ä¶"
122,Fri Apr 07 10:55:09 CEST 2017 - La Nouvelle France - France : #LeGrandD√©bat"
123,"https://t.co/pWNzGaDOh2"
124,Fri Apr 07 10:55:00 CEST 2017 - trambert -  : RT"
125,Fri Apr 07 10:54:58 CEST 2017 - Paroles #NS2017 -  : RT"
126,"@jwaintraub:"
127,""Nous"
128,"on"
129,"s'adresse"
130,"pas"
131,"aux"
132,"Fran√ßais,"
133,"notre"
134,"probl√®me""
135,"#Poutou.Fallait"
136,"dire"
137,"plus"
138,"t√¥t"
139,Fri Apr 07 10:54:58 CEST 2017 - Cl√©ment Pommier - Ch√¢teauroux, France : RT"
140,"@ornikkar:"
141,"Qui"
142,"trouv√©"
143,"Jean"
144,"Lassalle"
145,"convaincant"
146,"https://t.co/8D9hrbAhd3"
147,Fri Apr 07 10:54:55 CEST 2017 - üìô PetitesAffiches06 - Nice, France : Barom√®tre"
148,"semaine"
149,"n¬∞14"
150,"partenariat"
151,"avec"
152,"@sentimantic"
153,"#legranddebat"
154,"https://t.co/clo4tViKhD"
155,Fri Apr 07 10:54:50 CEST 2017 - glenat Andr√© - annecy : RT"
156,Fri Apr 07 10:54:43 CEST 2017 - PRONTO - Tourscity : RT"
157,"@Ibn_Sayyid:"
158,"Meilleure"
159,"vid√©o"
160,"politique"
161,"tous"
162,"temps."
163,"https://t.co/hb0aozFNfN"
164,Fri Apr 07 10:54:39 CEST 2017 - Reptoeil œÜüîª - Marseille Paris : RT"
165,Fri Apr 07 10:54:32 CEST 2017 - camille - Vichy : RT"
166,"@TheThiery77:"
167,"Je"
168,"dis"
169,"que"
170,"cest"
171,"m√™me"
172,"personne"
173,"je"
174,"juste"
175,"qu'on"
176,"jamais"
177,"vu"
178,"pi√®ce"
179,"moment"
180,"h‚Ä¶"
181,Fri Apr 07 10:54:26 CEST 2017 - Isa -  : RT"
182,"@efoulon1:"
183,"Bcp"
184,"d'analystes"
185,"politiques"
186,"√©t√©"
187,"choqu√©s"
188,"prestation"
189,"durant"
190,"#LeGrandDebat."
191,"Toi,qu'est"
192,"ce"
193,"qui"
194,"te"
195,"choque"
196,"le‚Ä¶"
197,Fri Apr 07 10:54:24 CEST 2017 - GIOIA - Paris : RT"
198,"@Ant1Adam:"
199,"Philippe"
200,"Poutou"
201,":"
202,"J'en"
203,"ai"
204,"marre"
205,"√©lus"
206,"corrompus."
207,"Certains"
208,"vont"
209,"se"
210,"reconna√Ætre"
211,"autour"
212,"cette"
213,"table."
214,"https:/‚Ä¶"
215,Fri Apr 07 10:54:17 CEST 2017 - Inspecteur Soso -  : RT"
216,"@RidiculeTV:"
217,"#BestOfMacronc'est"
218,"quoi"
219,"l'identit√©"
220,"?#LeGrandDebat"
221,"https://t.co/cnZrNrqRXn"
222,Fri Apr 07 10:54:16 CEST 2017 - Sylvain -  : RT"
223,"@CNEWS:"
224,"#LeGrandD√©bat"
225,"conclusion"
226,"@UPR_Asselineau,"
227,"candidat"
228,"l'Union"
229,"Populaire"
230,"R√©publicaine"
231,"https://t.co/P0oZdbqfvi"
232,Fri Apr 07 10:54:14 CEST 2017 - Sara‚öΩÔ∏è -  : RT"
233,"@OeilDeLynx6969:"
234,"Ruth"
235,"Elkrief"
236,"√©tait"
237,"aussi"
238,"g√™nante"
239,"y"
240,"20"
241,"ans"
242,"face"
243,"NTM...R√©alis√©"
244,"sans"
245,"trucage"
246,"https://t.co/ECOxYw‚Ä¶"
247,Fri Apr 07 10:54:11 CEST 2017 - chichi - France : RT"
248,"@Nourredine_69:"
249,""Le"
250,"poids"
251,"arguments"Un"
252,"dessin"
253,"Joe"
254,"Corbeau."
255,"@UPR_Asselineau"
256,"assomme"
257,"@EmmanuelMacron"
258,"https://t.co‚Ä¶"
259,Fri Apr 07 10:54:08 CEST 2017 - Oussapik -  : RT"
260,"@JulienChieze:"
261,"En"
262,"mode"
263,"essuie-glace"
264,"cosmique"
265,"Attention,"
266,"comptez"
267,"nombre"
268,"clignements"
269,"d'oeil"
270,"üòÇ"
271,"#elysee2017"
272,"https://t.‚Ä¶"
273,Fri Apr 07 10:53:46 CEST 2017 - solitaire - Snap : RaphaaVarane #TeamLens : RT"
274,"@superzappeur:"
275,"Quand"
276,"t'as"
277,"7"
278,"grammes"
279,"chaque"
280,"bras"
281,"mais"
282,"t'essayes"
283,"garder"
284,"contr√¥le."
285,"https://t.co/vpgNT4AgQo"
286,Fri Apr 07 10:53:46 CEST 2017 - FrancetteJB -  : RT"
287,"@StopFillon:"
288,"Minitel"
289,"Internet"
290,"un"
291,"anc√™tre"
292,"poussi√©reux.#LeGrandDebat"
293,"#Fillon2017"
294,"#ProjetFill‚Ä¶"
295,Fri Apr 07 10:53:43 CEST 2017 - Ka√Øser üëëüëë - Village cach√© de Konoha : RT"
296,"@BenjaminLgnd:"
297,"Les"
298,"gamins"
299,"mdrrr"
300,"https://t.co/ZHAvZYmZ7U"
301,Fri Apr 07 10:53:40 CEST 2017 - Sara‚öΩÔ∏è -  : RT"
302,"11"
303,"candidats"
304,"sont"
305,"d√©cha√Æn√©s..."
306,"revivez"
307,"leurs"
308,"fortes"
309,"punchlines"
310,"https://t.co/is9oiTdXvT"
311,Fri Apr 07 10:53:19 CEST 2017 - Anthologik - Provence : RT"
312,Fri Apr 07 10:52:55 CEST 2017 - √êŒû–®I - Beauvais : RT"
313,"@PYLVX:"
314,"J'ai"
315,"enfin"
316,"d√©cod√©"
317,"disait"
318,"mec"
319,"morse"
320,"#RendsLargent"
321,"#FillonStrasbourg"
322,"https://t.co/6rEjAzrN4b"
323,Fri Apr 07 10:52:53 CEST 2017 - Mamba Invincibleüá∞üá≤ - Marseille, France : RT"
324,Fri Apr 07 10:52:24 CEST 2017 - c l a i r e -  19 yo | Niort city ‚úàÔ∏è : RT"
325,"@JLMelenchon:"
326,"¬´Je"
327,"suis"
328,"pr√™t"
329,"gouverner¬ª"
330,"-"
331,"Introduction"
332,"Grand"
333,"D√©bat"
334,"Pr√©sidentielle"
335,"#BFMTV"
336,"#CNews."
337,"#DebatBF‚Ä¶"
338,Fri Apr 07 10:52:23 CEST 2017 - Corax - Auxerre  : RT"
339,"@ComatmeDRO:"
340,"Ce"
341,"retiens"
342,"https://t.co/6jn3OzBoCh"
343,Fri Apr 07 10:52:16 CEST 2017 - Marion #MLP2017 - dans l univers : RT"
344,Fri Apr 07 10:52:12 CEST 2017 - Olivier DŸÜnet - En France envahie : RT"
345,"@Sondage_Opinion:"
346,"#Sondage"
347,"#Presidentielle2017√ätes"
348,"vous"
349,"Pour"
350,"contre"
351,"sortie"
352,"l'Europe"
353,"l'Euro"
354,"#Frexit"
355,Fri Apr 07 10:51:55 CEST 2017 - jatime -  : RT"
356,"@mandalcudia:"
357,"3"
358,"livres"
359,"lire"
360,"p√©riode"
361,"√©lectorale."
362,"#JLM2017"
363,"@JLMelenchon"
364,"@PLebris"
365,"#LEmissi‚Ä¶"
366,Fri Apr 07 10:51:41 CEST 2017 - Paroles #NS2017 -  : RT"
367,""Je"
368,"vous""
369,"üòÇQuand"
370,"Macron"
371,"provoque"
372,"l'hilarit√©"
373,"g√©n√©rale"
374,"plateau"
375,"https://t.co/p3liMBEt‚Ä¶"
376,Fri Apr 07 10:51:39 CEST 2017 - Diane Platypus - Mordor : RT"
377,"@topito_com:"
378,"4h00"
379,"d√©bat"
380,"r√©sum√©"
381,"60s"
382,"üëåüèª#LeGrandDebat"
383,"https://t.co/YCLxIH0uo4"
384,Fri Apr 07 10:51:27 CEST 2017 - Avec Fillon 2017 - Paris, France : RT"
385,Fri Apr 07 10:51:11 CEST 2017 - Pauline - Lyon, Rh√¥ne-Alpes : RT"
386,"@guiruch:"
387,"Madame"
388,"?-"
389,"Oui"
390,"J'vais"
391,"prendre"
392,"p'tit"
393,"pastis"
394,"ma"
395,"ch√®re"
396,"compatriote,"
397,"merci."
398,"https://t.co/EJAXNWRiyQ"
399,Fri Apr 07 10:50:57 CEST 2017 - hepburn - Hauts-de-Seine, Ile-de-France : RT"
400,Fri Apr 07 10:50:31 CEST 2017 - citoyenne du monde - La Terre : RT"
401,Fri Apr 07 10:50:27 CEST 2017 - Anissa -  : RT"
402,"@BuzzFeedFRpol:"
403,"Sur"
404,"moralisation"
405,"vie"
406,"politique,"
407,"d√©gomme"
408,"Le"
409,"Pen"
410,"https://t.co/OH4sNZ2SqB"
411,Fri Apr 07 10:50:20 CEST 2017 - Anthony Bressy - Paris | C√¥te d'Azur | Corse : RT"
412,Fri Apr 07 10:50:19 CEST 2017 - Ad√©' -  : RT"
413,"@Sylvqin:"
414,"M√©lenchon"
415,"r√©ussi"
416,"caler"
417,""RENDRE"
418,"L'ARGENT""
419,"d√®s"
420,"premi√®res"
421,"minutes,"
422,"ouf."
423,"https://t.co/DINTR1qU3r"
424,Fri Apr 07 10:50:17 CEST 2017 - glenat Andr√© - annecy : RT"
425,Fri Apr 07 10:50:00 CEST 2017 - Xenomorph -  : RT"
426,"@YouMereIllusion:"
427,"Fran√ßois"
428,"#Asselineau,"
429,"n'est"
430,"#FAToulouse"
431,"http‚Ä¶"
432,Fri Apr 07 10:49:58 CEST 2017 - Max üò∏ - Paris, France : RT"
433,Fri Apr 07 10:49:51 CEST 2017 - Mar cosinus - Limoges : RT"
434,"vais"
435,"foutre"
436,"proc√®s"
437,"!¬ª#LeGrandDebat"
438,"https://t.co/uMNlnS8XD1"
439,Fri Apr 07 10:49:38 CEST 2017 - Col√©tte St√©rol -  : RT"
440,"@gayregis:"
441,"celles"
442,"ceux"
443,"veulent"
444,"voter"
445,"#fillon2017"
446,"......"
447,"voil√†"
448,"pense"
449,"#CanardEnchaine"
450,"https://‚Ä¶"
451,Fri Apr 07 10:49:33 CEST 2017 - Reptoeil œÜüîª - Marseille Paris : RT"
452,Fri Apr 07 10:49:31 CEST 2017 - Ghrydon - France : RT"
453,"@etherealMSCL:"
454,"petits"
455,"mots"
456,"soum"
457,"Lepen"
458,"meilleurs"
459,"üò≠"vous"
460,"servez"
461,"rien"
462,"fait""
463,"https‚Ä¶"
464,Fri Apr 07 10:49:31 CEST 2017 - klh - Chez moi : RT"
465,"Beno√Æt"
466,"Hamon"
467,"Marine"
468,"¬´Daesh"
469,"√ßa"
470,"arrange"
471,"https://t.co/MAWu914SvC"
472,Fri Apr 07 10:49:27 CEST 2017 - Corax - Auxerre  : RT"
473,"Durant"
474,"Big"
475,"Boss"
476,"c'√©tait...l'ouvrier!"
477,"T'en"
478,"as"
479,"r√™v√©,"
480,"l'a"
481,"fait!"
482,"‚û°Ô∏èStrike"
483,"#LePen"
484,"etc."
485,"2‚Ä¶"
486,Fri Apr 07 10:49:24 CEST 2017 - Che√ªne - Strasbourg : RT"
487,Fri Apr 07 10:49:20 CEST 2017 - Franck Boubou -  : Parce"
488,"@FrancoisFillon"
489,"seul"
490,"lucide"
491,"situation"
492,"France,"
493,"#JeVoteFillon"
494,"https://t.co/fZ8P3C3adQ"
495,Fri Apr 07 10:49:16 CEST 2017 - Chill -  : RT"
496,"Destruction"
497,"totale"
498,"Pen,"
499,"journalistes"
500,"direct,"
501,"Poutou."
502,"Quel"
503,"homme."
504,Fri Apr 07 10:49:01 CEST 2017 - Justine -  : RT"
505,"@FeizaK:"
506,"Cette"
507,"s√©quence"
508,"kiff"
509,"absolu!"
510,"nous"
511,"offert"
512,"meilleure"
513,"minute"
514,"‚ù§Ô∏è"
515,"https://t.co/XvktiGT2kE"
516,Fri Apr 07 10:48:59 CEST 2017 - Franck Boubou -  : .@FrancoisFillon:"
517,""Il"
518,"n'y"
519,"√©conomique"
520,"Mme"
521,"!""
522,"https://t.co/umx59jXNM2"
523,Fri Apr 07 10:48:34 CEST 2017 - Mamba Invincibleüá∞üá≤ - Marseille, France : RT"
524,"@thibaultbrock:"
525,"Pardon.Ou"
526,"pas.#LeGrandDebat"
527,"https://t.co/KIY5B2y0UW"
528,Fri Apr 07 10:48:33 CEST 2017 - Soraya Id -  : RT"
529,"@PhilippePoutou:"
530,"n'aime"
531,"l'Europe,"
532,"sauf"
533,"pour"
534,"servir"
535,"ses"
536,"caisses."
537,"#poutou"
538,Fri Apr 07 10:48:26 CEST 2017 - œÜ Lealukas œÜ - Bastia : RT"
539,"@FR_2O17:"
540,"üìä¬†RT"
541,"Apr√®s"
542,"#LeGrandDebat,"
543,"quel"
544,"deuxi√®me"
545,"tour"
546,"selon"
547,Fri Apr 07 10:47:53 CEST 2017 - mikalahague - #Normandie : RT"
548,Fri Apr 07 10:47:22 CEST 2017 - Michel Fernandel - Groenland : RT"
549,Fri Apr 07 10:47:15 CEST 2017 - Beno√Æt Rostand - Paris (75007) / France : RT"
550,""Un"
551,"pr√©sident"
552,"exemplaire...""
553,"L'anaphore"
554,"interrog√©"
555,"morale"
556,"https://t.co/GV7Di‚Ä¶"
557,Fri Apr 07 10:47:11 CEST 2017 - MrXenon - Lucinges, France : RT"
558,"@MrAntoineDaniel:"
559,""Mes"
560,"chers"
561,"compatriotes""
562,"ralenti"
563,"x0.5"
564,Fri Apr 07 10:46:55 CEST 2017 - Lady Godiva 1066AD - Norfolk, England : RT"
565,"@abermans:"
566,"PenCountries"
567,"that"
568,"suffer"
569,"from"
570,"Euro"
571,"and"
572,"opening"
573,"of"
574,"borders"
575,"will"
576,"join"
577,"France.LEAVE"
578,"EU!#Marine2017"
579,"#LeGrandD√©bat‚Ä¶"
580,Fri Apr 07 10:46:43 CEST 2017 - marechal19 - CORREZE 19130 : RT"
581,"@AudreyPatriote:"
582,"vient"
583,"ridiculiser"
584,"Il"
585,"parle"
586,"comme"
587,"vieux"
588,"pr√©sente"
589,"neuf"
590,"üòÇ#LeGrandDebat"
591,Fri Apr 07 10:46:37 CEST 2017 - Thomas - Bretagne Sud (pr√®s de Nantes) : RT"
592,"Croyez-vous"
593,"sondage"
594,"post-d√©bat"
595,"BFMTV"
596,Fri Apr 07 10:46:28 CEST 2017 - l'ellestbonniste -  : RT"
597,"@DieuMichet:"
598,"CALMEZ"
599,"VOUS"
600,"OU"
601,"JE"
602,"FAIS"
603,"EJACULER"
604,"LASSALLE"
605,Fri Apr 07 10:46:25 CEST 2017 - Capalu - Vrai Songe  Voie Lact√©e  : RT"
606,Fri Apr 07 10:46:24 CEST 2017 - Jade De Brito üáµüáπ -  : RT"
607,Fri Apr 07 10:46:21 CEST 2017 - Audoin21 -  : RT"
608,Fri Apr 07 10:46:13 CEST 2017 - Juan - Rouen : RT"
609,Fri Apr 07 10:46:11 CEST 2017 - leo dubarry - Nantes, France : RT"
610,"@alexxv13:"
611,"Si"
612,"√©lu"
613,"https://t.co/cP4m3kLZGk"
614,Fri Apr 07 10:46:07 CEST 2017 - VINCENT MARAVAL -  : RT"
615,"@MoneyGuelito:"
616,"#bienvenueaugondwana"
617,"sais"
618,"gagner"
619,"https://t.co/vJFOnkHCEC"
620,Fri Apr 07 10:46:07 CEST 2017 - lara - Bordeaux, France : RT"
621,Fri Apr 07 10:46:03 CEST 2017 - VINCENT MARAVAL -  : RT"
622,"@hotelmeguetan:"
623,"n'ai"
624,"car"
625,"j'√©tais"
626,"l'avant-premi√®re"
627,"#BienvenueauGondwana."
628,"Un"
629,"film"
630,"impeccable"
631,"r√©alis√©"
632,"ta‚Ä¶"
633,Fri Apr 07 10:45:27 CEST 2017 - Typh -  : RT"
634,"@Aurucs:"
635,"LE"
636,"MEILLEUR"
637,"R√âSUM√â"
638,"DU"
639,"D√âBAT"
640,"D'HIER"
641,"SOIR"
642,"SUIS"
643,"MOOOOOORTE"
644,"üò≠üò≠üò≠üò≠üò≠üò≠üò≠üò≠üò≠üò≠üò≠üòÇüòÇüòÇüòÇüòÇüíÄüíÄüíÄüíÄüíÄüíÄüíÄüíÄüíÄüíÄ"
645,"#FouRire"
646,"#Dead"
647,"#President‚Ä¶"
648,Fri Apr 07 10:45:17 CEST 2017 - marechal19 - CORREZE 19130 : RT"
649,"@takapalir:"
650,"veut"
651,"d√©sarmer"
652,"@PoliceNationale"
653,"Mais"
654,"dis-moi"
655,"mon"
656,"brave,"
657,"commence"
658,"tes"
659,"copains"
660,"racailles,‚Ä¶"
661,Fri Apr 07 10:45:12 CEST 2017 - Marsiglia‚ö™Ô∏èüîµ -  : RT"
662,Fri Apr 07 10:45:07 CEST 2017 - Titou -  : RT"
663,Fri Apr 07 10:45:04 CEST 2017 - Hellyüçéüî•üåçüêò - Here üìç : RT"
664,"@YasinTurc:"
665,"ta"
666,"trouver"
667,"reponse"
668,"derniere"
669,"ton"
670,"DS"
671,"maths"
672,"kle"
673,"prof"
674,"arrache"
675,"copie"
676,"https://t‚Ä¶"
677,Fri Apr 07 10:44:55 CEST 2017 - Alexy #FF - Ile-de-France, France : RT"
678,"@Eric_Anceau:"
679,"#Alstom"
680,"#banqueRothschild#LEmissionpolitique"
681,"parlera-t-elle"
682,"https://t.co/Qpws‚Ä¶"
683,Fri Apr 07 10:44:39 CEST 2017 - PhilippeLeuger - Ibiza. Cool ‚ò∫ : RT"
684,Fri Apr 07 10:44:10 CEST 2017 - B√©n√©‚ú® - Hauts-de-Seine, Ile-de-France : RT"
685,"@abderheudz:"
686,""Madame""
687,"by"
688,"MOMENT"
689,"DE"
690,"LA"
691,"SOIREE"
692,"üòÇüòÇ#LeGrandDebat"
693,"https://t.co/AtTE9rVZDF"
694,Fri Apr 07 10:43:54 CEST 2017 - GUILLOTTE_Doroth√©e - SAINT MALO : RT"
695,"@MLP_officiel:"
696,"üì£"
697,"RT"
698,"!Retrouvez"
699,"mes"
700,"interventions"
701,"hier"
702,"soir"
703,"lors"
704,"!#AuNomDuPeuple"
705,"#Marine2017"
706,"https://t.c‚Ä¶"
707,Fri Apr 07 10:43:48 CEST 2017 - Corax - Auxerre  : RT"
708,"@C_Panache:"
709,"meilleur"
710,"r√©sume"
711,"https://t.co/xrkbsQQD3m"
712,Fri Apr 07 10:43:38 CEST 2017 - Veilleo - Ajaccio : RT"
713,"@cyril_pouchin:"
714,"positions"
715,"d'Emmanuel"
716,"pendant"
717,"https://t.co/aK0kI8uWKJ"
718,Fri Apr 07 10:43:37 CEST 2017 - ATK/Nexus Le Dodgeur -  : RT"
719,"üé•"
720,"serai"
721,"Pr√©sident"
722,"paix¬ª"
723,"Jean-Luc"
724,"#TF1."
725,"Partagez"
726,"!#D√©batTF1"
727,"#Pai‚Ä¶"
728,Fri Apr 07 10:43:33 CEST 2017 - . - 91 : RT"
729,"@_Pourquoi:"
730,"termin√©"
731,"Fillon,"
732,"m'en"
733,"remets"
734,"KO"
735,"magistral."
736,"Merci"
737,"bravo."
738,"üëèüëèüëèüëèüëè#LeGrandDebat"
739,Fri Apr 07 10:42:47 CEST 2017 - pierre14 - F-Normandy : RT"
740,"@LindaZoubir:"
741,"üîµüî¥"
742,"EXCLUSIVIT√â"
743,"üîµüî¥La"
744,"d√©claration"
745,"patrimoine"
746,"!#LeGrandDebat"
747,"#mastodon"
748,"#EmmanuelHollande"
749,"#Melenchon"
750,"#MLP"
751,"#A‚Ä¶"
752,Fri Apr 07 10:42:34 CEST 2017 - Lassalista - Paris, France : RT"
753,"@Alexandre_DRD:"
754,"chereuh"
755,"compatrioteuh"
756,"argzudbekf"
757,"j'imposerai"
758,"l'ap√©ro"
759,"√©preuveuh"
760,"baqueuh"
761,"coefficiang"
762,"12""
763,Fri Apr 07 10:42:14 CEST 2017 - FafaMargone3 #SPF -  : RT"
764,Fri Apr 07 10:41:50 CEST 2017 - Patricia MNM œÜ -  : RT"
765,Fri Apr 07 10:41:47 CEST 2017 - Quentin - Mondeville, Basse-Normandie : RT"
766,Fri Apr 07 10:41:36 CEST 2017 - Victor -  : RT"
767,"@StagiaireDeBFM:"
768,"üî¥"
769,"Image"
770,"buvant"
771,"larmes"
772,"Pen#LeGrandDebat"
773,"https://t.co/IL2HV7iXVH"
774,Fri Apr 07 10:41:31 CEST 2017 - SUZANNA -  : RT"
775,"@Lydia_Kld:"
776,"Attention"
777,"#Melanchon"
778,"arrive"
779,"üòÖüòÖüòÖ"
780,"#LEmissionPolitique"
781,"https://t.co/aoEhfxIC7u"
782,Fri Apr 07 10:41:26 CEST 2017 - Mel Lemma -  : RT"
783,Fri Apr 07 10:41:13 CEST 2017 - genevi√®ve poussant - France . Doubs .. : RT"
784,Fri Apr 07 10:41:04 CEST 2017 - la quica -  : RT"
785,"@willyperro:"
786,"-regardez"
787,"plut√¥t"
788,"courbe"
789,"ch√¥mage"
790,"-euh"
791,"madame"
792,"pen"
793,"...-oups"
794,"me"
795,"tromp√©e"
796,"feuille"
797,"mdr"
798,"#D‚Ä¶"
799,Fri Apr 07 10:40:57 CEST 2017 - Samya -  : RT"
800,Fri Apr 07 10:40:45 CEST 2017 - Crackzile -  : RT"
801,Fri Apr 07 10:40:39 CEST 2017 - AurelieA - Saint-Priest - France : RT"
802,"@broderick:"
803,"looks"
804,"like"
805,"the"
806,"evil"
807,"businessman"
808,"in"
809,"movie"
810,"about"
811,"dog"
812,"can"
813,"skateboard"
814,"https://t.co/HdY7RH‚Ä¶"
815,Fri Apr 07 10:40:34 CEST 2017 - Les 4 Contre ADP - Urbi et Orbi : RT"
816,Fri Apr 07 10:39:48 CEST 2017 - üáÆüáπüáÆüáπüáÆüáπ - Paris, France : RT"
817,"@SeriousCharly:"
818,"https://t.co/AORjXajyoc"
819,Fri Apr 07 10:39:21 CEST 2017 - Alternance... - France : RT"
820,Fri Apr 07 10:39:18 CEST 2017 - Max37160 - 37160 : RT"
821,Fri Apr 07 10:39:16 CEST 2017 - ŸÜÿßÿØŸäÿ©  ‚ú® - Nancy | Oran -Tiaret  : RT"
822,"I"
823,"don't"
824,"know"
825,"what"
826,"dude"
827,"coat"
828,"is"
829,"yelling"
830,"about,"
831,"but"
832,"it"
833,"it's"
834,"amazing..."
835,"https://t.co/BePROv‚Ä¶"
836,Fri Apr 07 10:39:06 CEST 2017 - Gare au Gorille -  : RT"
837,Fri Apr 07 10:39:05 CEST 2017 - mimie mimi -  : RT"
838,"@SteeveBriois:"
839,"üì¢"
840,"si,"
841,"@MLP_officiel,"
842,"voulez"
843,"France"
844,"retrouve"
845,"armes"
846,"mondialisation"
847,"#Marine‚Ä¶"
848,Fri Apr 07 10:38:57 CEST 2017 - mimie mimi -  : RT"
849,"veux"
850,"soient"
851,"Fran√ßais"
852,"d√©cident"
853,"mati√®re"
854,"europ√©enne.""
855,Fri Apr 07 10:38:47 CEST 2017 - M√©lou -  : RT"
856,"@LanasaEml:"
857,"Candidat"
858,"dit"
859,"haut"
860,"ne"
861,"devrait"
862,"haut"."
863,"La"
864,"partie"
865,"."
866,"#V‚Ä¶"
867,Fri Apr 07 10:38:47 CEST 2017 - Laure Daussy - Paris : RT"
868,"@LNE:"
869,""Banque"
870,"version"
871,"#LeMaillonFaible,"
872,"CANDIDAT"
873,"FAIBLE,"
874,"pr√©sent√©"
875,"@Daphne_Burki01"
876,"‚¨áÔ∏è"
877,"#LNE"
878,Fri Apr 07 10:38:37 CEST 2017 - anna - courbevoie : RT"
879,"@ameobscure:"
880,"Lassalle:"
881,""je"
882,"l'ai"
883,"pr√©par√©"
884,"[le"
885,"d√©bat,"
886,"ndlr]"
887,"savais"
888,"comment"
889,"pr√©parer"
890,"[...]""
891,Fri Apr 07 10:38:31 CEST 2017 - Rom√©o Lomazzi-Collet - Paris 14 : RT"
892,"@RodolpheMarcel:"
893,"Excellent"
894,"voir"
895,"#canteloup"
896,"@TF1"
897,"https://t.co/bMrWNrfxOh"
898,Fri Apr 07 10:38:26 CEST 2017 - mimie mimi -  : RT"
899,"@Marion_M_Le_Pen:"
900,"Contre"
901,"ch√¥mage,"
902,"@MLP_officiel"
903,"seule"
904,"pourra"
905,"agir."
906,"https://t.co/BR42MappBy"
907,Fri Apr 07 10:38:26 CEST 2017 - FafaMargone3 #SPF -  : RT"
908,"@LGiscardEstaing:"
909,"L'id√©e"
910,"nationaliser"
911,"taxe"
912,"d'habitation"
913,"1non-sens:"
914,"va"
915,"payer"
916,"10Milliards‚Ä¶"
917,Fri Apr 07 10:38:23 CEST 2017 - Lionel Garnier - Paris : RT"
918,"@GuillaumeTC:"
919,"vois"
920,"partout.3/3#CroisonsLes#LeGrandDebat"
921,"https://t.co/7bzO2Z7564"
922,Fri Apr 07 10:38:10 CEST 2017 - ‚ìÇÔ∏èathi‚Ç¨u üê∏ - France : RT"
923,Fri Apr 07 10:38:02 CEST 2017 - FafaMargone3 #SPF -  : RT"
924,"@FerryLuc:"
925,"Pitre"
926,""bouffon"
927,"fait"
928,"fac√©ties"
929,"attirer"
930,"public"
931,"spectacle"
932,"foire""
933,"comportait"
934,"s‚Ä¶"
935,Fri Apr 07 10:37:59 CEST 2017 - Rom√©o Lomazzi-Collet - Paris 14 : RT"
936,Fri Apr 07 10:37:49 CEST 2017 - giyongchy - paris. : RT"
937,"@Thalicox:"
938,"#LeGrandDebat-"
939,"Monsieur"
940,"#Lassalle"
941,"vous?-"
942,"reuiol"
943,"hdhoskkd"
944,"jjfkslsldbh"
945,"hvsgsldk-"
946,"....."
947,"https://t.co/P4Yw6OGrBM"
948,Fri Apr 07 10:37:48 CEST 2017 - Jean-Philippe Deprez - La Roche-sur-Foron, France : RT"
949,Fri Apr 07 10:37:45 CEST 2017 - NamDia -  : RT"
950,Fri Apr 07 10:37:39 CEST 2017 - Amar Bouzouar - kabylie : RT"
951,"@LePG:"
952,"choix"
953,"devient"
954,"√©vident.""
955,"@ericcoquerel"
956,Fri Apr 07 10:37:34 CEST 2017 - mimie mimi -  : RT"
957,""#Fillon"
958,"supprim√©"
959,"50000"
960,"militaires"
961,"Son"
962,"gouvernement"
963,"pouvoir"
964,"islamistes"
965,"Libye"
966,Fri Apr 07 10:37:31 CEST 2017 - FafaMargone3 #SPF -  : RT"
967,"@FrancoisFillon:"
968,"premi√®re"
969,"fois"
970,"j'ai"
971,"rencontr√©"
972,"Nicolas"
973,"Dupont-Aignan,"
974,"chef"
975,"Bayrou."
976,Fri Apr 07 10:37:24 CEST 2017 - genevi√®ve poussant - France . Doubs .. : RT"
977,Fri Apr 07 10:37:16 CEST 2017 - chipeur - Los Santos : RT"
978,Fri Apr 07 10:37:09 CEST 2017 - Le bon sens #NS2017 -  : RT"
979,"@g__dasilva:"
980,"#LeGrandD√©bat."
981,"ancien"
982,"employeur"
983,"#Rotschild"
984,"bien"
985,"particip√©"
986,"vente"
987,"d'#Alstom"
988,"quand"
989,"√©tait‚Ä¶"
990,Fri Apr 07 10:37:08 CEST 2017 - Bergmann Dominique - Lorraine, France : RT"
991,Fri Apr 07 10:36:55 CEST 2017 - minnieüëØ - Verton : RT"
992,Fri Apr 07 10:36:50 CEST 2017 - patufff -  : RT"
993,"@ereiscarona:"
994,"bouge"
995,"sinon"
996,"une"
997,"rafale"
998,"Poutou,"
999,"m'a"
1000,"oubli√©"
1001,"l'instant""
1002,"https://t.co/VNsdDYB‚Ä¶"
1003,Fri Apr 07 10:36:46 CEST 2017 - Alicia la licorne -  : RT"
1004,Fri Apr 07 10:36:37 CEST 2017 - Paroles #NS2017 -  : RT"
1005,"@FConcorde:"
1006,"Combien"
1007,"co√ªtent"
1008,"programmes"
1009,"Comparez"
1010,"infographie#LeGrandDebat"
1011,"https:‚Ä¶"
1012,Fri Apr 07 10:36:33 CEST 2017 - mimie mimi -  : RT"
1013,"@nicolasbayfn:"
1014,"F.#Fillon"
1015,"cr√©dible"
1016,"lutter"
1017,"islamiste"
1018,"#AvecMarine"
1019,"#AuNomDuPeuple"
1020,"#Mar‚Ä¶"
1021,Fri Apr 07 10:36:33 CEST 2017 - D√©sir in√©luctable - Nord-Pas-de-Calais, France : RT"
1022,"@Tw0lverine:"
1023,"https://t.co/p9j7jCkcO0"
1024,Fri Apr 07 10:36:32 CEST 2017 - Alex Wang -  : RT"
1025,"aspir√©"
1026,"l'√¢me"
1027,"5"
1028,"mots."
1029,"https://t.co/yz816ksW2L"
1030,Fri Apr 07 10:36:29 CEST 2017 - MOLINA -  : RT"
1031,"Convaincu.e.s"
1032,"Rejoignez"
1033,"insoumise"
1034,"!‚û°Ô∏èhttps://t.co/MUtjP1azwN."
1035,"https://t.co/PajSKncJb9"
1036,Fri Apr 07 10:36:27 CEST 2017 - ARRETDUCOEUR. - Le Havre, Haute-Normandie : RT"
1037,"‚ÄúC'est"
1038,"parce"
1039,"cravate"
1040,"faut"
1041,"m'interrompre‚Äù"
1042,Fri Apr 07 10:36:23 CEST 2017 - GUILLOTTE_Doroth√©e - SAINT MALO : RT"
1043,"@sondag_politiq1:"
1044,"#Quotidien"
1045,"confort√©"
1046,"modifier"
1047,"votre"
1048,Fri Apr 07 10:36:22 CEST 2017 - Ragnarsdottir -  : RT"
1049,"@polytyx:"
1050,"David"
1051,"Rachline,"
1052,"directeur"
1053,"campagne"
1054,"#RTLMatin"
1055,"https://t.co/Po6jI2d873"
1056,Fri Apr 07 10:36:16 CEST 2017 - gm‚ù§Ô∏è - Linselles : RT"
1057,"@RemiCollonge:"
1058,""MES"
1059,"CHERS"
1060,"COMPATRIOTES,"
1061,"PASSERAI"
1062,"TAUX"
1063,"D'ALCOOL√âMIE"
1064,"0,5"
1065,"√Ä"
1066,"1000""
1067,"https://t.co/Yk4JH70TBP"
1068,Fri Apr 07 10:36:01 CEST 2017 - Burn Out ! - Verdun, France : RT"
1069,"Rarement"
1070,"avoir"
1071,"autant"
1072,"envie"
1073,"mettre"
1074,"chass√©"
1075,"quelqu'un"
1076,"fa√ßon"
1077,"visible."
1078,Fri Apr 07 10:36:00 CEST 2017 - üåù - London, England : RT"
1079,"@Flootoutcourt:"
1080,"-Je"
1081,"pizzas"
1082,"l'ananas"
1083,"coup"
1084,"https://t.co/VQcOgz3Wjt"
1085,Fri Apr 07 10:35:58 CEST 2017 - pepito üç™ -  : RT"
1086,Fri Apr 07 10:35:57 CEST 2017 - Isa -  : RT"
1087,"@Axeleil:"
1088,"Pourquoi,"
1089,"centaines"
1090,"milliers"
1091,"personnes,"
1092,"devenu"
1093,"Insoumis"
1094,"https://t.co/3aOG70kxN3"
1095,Fri Apr 07 10:35:53 CEST 2017 - Old Antigone -  : De"
1096,"@Marion_M_Le_Pen"
1097,"Ferry"
1098,"passant"
1099,"l"
1100,"attitude"
1101,"#LeGrandDebat,le"
1102,"m√©pris"
1103,"assum√©"
1104,"droite"
1105,"ouvriers"
1106,Fri Apr 07 10:35:49 CEST 2017 - mimie mimi -  : RT"
1107,"https://t.co/xfRcyfQHIE"
1108,Fri Apr 07 10:35:17 CEST 2017 - Alexis Salembier - Montigny-le-Bretonneux, Ile-de : RT"
1109,"Vois"
1110,"imaginez"
1111,"Sylvain"
1112,"Durif"
1113,Fri Apr 07 10:35:17 CEST 2017 - Celine Evitable - france : RT"
1114,Fri Apr 07 10:34:43 CEST 2017 - fejka - Paris  : RT"
1115,"@KonradLubacz:"
1116,"Ptdrrrrrr"
1117,"lui"
1118,"https://t.co/CqNEJ8USxf"
1119,Fri Apr 07 10:34:42 CEST 2017 - numaƒ± -  : RT"
1120,"@laminutebeauf:"
1121,"Que"
1122,"rallume"
1123,"cet"
1124,"homme!"
1125,"https://t.co/IuOHbIvqxA"
1126,Fri Apr 07 10:34:26 CEST 2017 - üöÄJ'AI FAIM DE TOIüöÄ -  : RT"
1127,"r√©ponse"
1128,"soir√©e"
1129,"üëèüèº#LeGrandDebat"
1130,"https://t.co/sME2hH7yFY"
1131,Fri Apr 07 10:34:25 CEST 2017 - Celine Evitable - france : RT"
1132,Fri Apr 07 10:34:08 CEST 2017 - Migue -  : RT"
1133,"@Teepy_Fr:"
1134,"TeePy"
1135,"#5"
1136,"Webserie"
1137,"R.A.S"
1138,"TPE"
1139,"Du"
1140,"concret,"
1141,"concret"
1142,"#Presidentielle2017https://t.co/‚Ä¶"
1143,Fri Apr 07 10:34:05 CEST 2017 - Titou -  : RT"
1144,Fri Apr 07 10:34:03 CEST 2017 - Vanbalinghem -  : RT"
1145,"@ALeaument:"
1146,"menu"
1147,"son"
1148,"CV"
1149,"d'oligarque."
1150,"Ennuyeux."
1151,"https://t.co/NyKDM4WB5N"
1152,Fri Apr 07 10:33:56 CEST 2017 - üöÄJ'AI FAIM DE TOIüöÄ -  : RT"
1153,Fri Apr 07 10:33:48 CEST 2017 - DMœÜ -  : RT"
1154,Fri Apr 07 10:33:39 CEST 2017 - Col√©tte St√©rol -  : RT"
1155,Fri Apr 07 10:33:35 CEST 2017 - Ralf Grahn - Helsinki, Finland : RT"
1156,"@JeunesEuropeens:"
1157,"tu"
1158,"votes"
1159,"d√©cides"
1160,"https://t.co/SNUJhoXYD1"
1161,"#Europe2017"
1162,Fri Apr 07 10:33:21 CEST 2017 - malou -  : RT"
1163,Fri Apr 07 10:33:19 CEST 2017 - Ghislain Ltn -  : RT"
1164,Fri Apr 07 10:32:57 CEST 2017 - Louis-Cl√©ment - Paris, Ile-de-France : RT"
1165,"@FrkGuiot:"
1166,".@Marion_M_Le_Pen"
1167,":"Tout"
1168,"s'est"
1169,"extasi√©"
1170,"#Poutou,"
1171,"alors"
1172,"pijama"
1173,"ras√©"
1174,""‚Ä¶"
1175,Fri Apr 07 10:32:56 CEST 2017 - √ó‚àÜ‚Ä¢√ó‚àÜ‚Ä¢√ó‚àÜ‚Ä¢ -  : RT"
1176,Fri Apr 07 10:32:55 CEST 2017 - Thomas Vinos-Poyo - Lyon, France : RT"
1177,"@LeemFrance:"
1178,"#sant√©,"
1179,"grande"
1180,"oubli√©e"
1181,"#Leem"
1182,"d√©crypte"
1183,"toutes"
1184,"propositions"
1185,"üëâ"
1186,"https://t.co/HdY5A5u‚Ä¶"
1187,Fri Apr 07 10:32:31 CEST 2017 - Erika Vives - New York, NY : RT"
1188,Fri Apr 07 10:32:20 CEST 2017 - Lousie -  : RT"
1189,"police,"
1190,"tu√©"
1191,"Adama"
1192,"Traor√©"
1193,"viol√©"
1194,"Th√©o."
1195,"https://t.co/Wz9tGVx75Y"
1196,Fri Apr 07 10:32:18 CEST 2017 - Paroles #NS2017 -  : RT"
1197,"@Europe1:"
1198,"exemplaire"
1199,"confie"
1200,"secrets"
1201,"d√©fenses""
1202,Fri Apr 07 10:32:13 CEST 2017 - aim√©czen - Paris : RT"
1203,Fri Apr 07 10:32:04 CEST 2017 - AnonymousActivistes - Mari√©e √† son Rhum. : RT"
1204,"@Niavlys_Y:"
1205,"#RMC"
1206,"#LCI"
1207,"#france2"
1208,"#TF1"
1209,"#Hamo‚Ä¶"
1210,Fri Apr 07 10:32:03 CEST 2017 - t yomb? -  : RT"
1211,Fri Apr 07 10:31:55 CEST 2017 - camcoum -  : RT"
1212,"@Futalors:"
1213,""Ras-le-bol"
1214,"politiciens"
1215,"ici"
1216,"reconna√Ætront"#LeGrandDebat"
1217,"https://t.co/yAOEyuNNZB"
1218,Fri Apr 07 10:31:44 CEST 2017 - Savoir c'est pouvoir - Perdu : RT"
1219,"@LyceensInsoumis:"
1220,"Donc"
1221,"l'algorithme"
1222,"Facebook"
1223,"#PLS."
1224,"Tout"
1225,"tr√®s"
1226,"bien."
1227,"https://t.co/5W0oofHQeV"
1228,Fri Apr 07 10:31:43 CEST 2017 - PriscilliaMbemba - Lille, France : RT"
1229,Fri Apr 07 10:31:35 CEST 2017 - PriscilliaMbemba - Lille, France : RT"
1230,"This"
1231,"man"
1232,"appears"
1233,"to"
1234,"be"
1235,"an"
1236,"actual"
1237,"giant"
1238,"he"
1239,"makes"
1240,"happy"
1241,"because"
1242,"he's"
1243,"having"
1244,"great"
1245,"time."
1246,Fri Apr 07 10:31:20 CEST 2017 - TERRISTE - Earth : RT"
1247,"Emmanuel"
1248,"bonsoir"
1249,"Bonsoir"
1250,"√™tes-vous"
1251,"..."
1252,"https://t.co/OvAStjbDMB"
1253,Fri Apr 07 10:31:12 CEST 2017 - Lillian Rees -  : RT"
1254,Fri Apr 07 10:30:57 CEST 2017 - Eric Lemaire - Paris : RT"
1255,Fri Apr 07 10:30:56 CEST 2017 - Marion Lenglart ŸÜ - Rambouillet/de Wallis & NC : RT"
1256,Fri Apr 07 10:30:50 CEST 2017 - jatime -  : RT"
1257,Fri Apr 07 10:30:32 CEST 2017 - camcoum -  : RT"
1258,"@shineofdyl:"
1259,""eh"
1260,"jsui"
1261,"venu"
1262,"souffrir"
1263,"ok√©??""
1264,"https://t.co/KzpSe3CvWG"
1265,Fri Apr 07 10:30:20 CEST 2017 - Veilleo - Ajaccio : "La"
1266,"guerre"
1267,"fran√ßais"
1268,"savent"
1269,"F.Mitterrand"
1270,Fri Apr 07 10:30:20 CEST 2017 - AnonymousActivistes - Mari√©e √† son Rhum. : RT"
1271,"@audreyvaliopi:"
1272,"#FrancoisMacron"
1273,"#BarbaraLefebvre"
1274,"https://t.co/uOfB3SczCB"
1275,Fri Apr 07 10:30:10 CEST 2017 - apl moi max -  : RT"
1276,Fri Apr 07 10:30:09 CEST 2017 - diogene2607 -  : RT"
1277,Fri Apr 07 10:30:06 CEST 2017 - standontheword -  : RT"
1278,"¬´"
1279,"dont"
1280,"question,"
1281,"commencer"
1282,"jours"
1283,"heureux"
1284,"¬ª"
1285,"Conclusion"
1286,"https://t.co/MUtjP1azwN"
1287,"htt‚Ä¶"
1288,Fri Apr 07 10:30:01 CEST 2017 - the viper - Chambre des secrets  : RT"
1289,Fri Apr 07 10:30:00 CEST 2017 - L'agent de Kiss - 45 chemins 93 : RT"
1290,"@IFAFSondage:"
1291,"Selon"
1292,"vous,"
1293,"l'instigateur"
1294,"l'enfarinage"
1295,"#Fillon?"
1296,"#IfafSondage"
1297,"#Compl‚Ä¶"
1298,Fri Apr 07 10:29:48 CEST 2017 - Rodolphe Marcel - Paris, Montpellier, Marrakech : Excellent"
1299,Fri Apr 07 10:29:39 CEST 2017 - üáµüáπ David ferreira - Sa√¥ne-et-Loire, Bourgogne : RT"
1300,"@RastaBobby_:"
1301,"Cher"
1302,"Papa,"
1303,"fister"
1304,"https://t.co/7bFP4zDF8g"
1305,Fri Apr 07 10:29:38 CEST 2017 - Sally Sanderson -  : RT"
1306,"@G_deLinares:"
1307,"√áa"
1308,"#MarinePresidente"
1309,"https://t.co/OlzRQGoqV6"
1310,Fri Apr 07 10:29:35 CEST 2017 - Elise Heim -  : RT"
1311,"@MelchiorLyon:"
1312,"Comment"
1313,"r√©sumer"
1314,"Voici"
1315,"https://t.co/rfLD0MgFuS"
1316,Fri Apr 07 10:29:27 CEST 2017 - Benjamin - Paris, Occitanie, 100-88 Zoo : RT"
1317,Fri Apr 07 10:29:21 CEST 2017 - camcoum -  : RT"
1318,"@Le_M__:"
1319,"grave"
1320,"fier"
1321,"la,"
1322,"regarde"
1323,"p√®re"
1324,"fils"
1325,Fri Apr 07 10:29:03 CEST 2017 - Megan Wright -  : RT"
1326,Fri Apr 07 10:28:54 CEST 2017 - Imane  -  : RT"
1327,"@toinnnoouuu:"
1328,"Moi"
1329,"https://t.co/TcSflaNuIj"
1330,Fri Apr 07 10:28:49 CEST 2017 - Pr√©martin - La Fl√®che, France : RT"
1331,"@Fillon2017_fr:"
1332,""@FrancoisFillon"
1333,"prouv√©"
1334,"comp√©tence"
1335,"l'immense"
1336,"travail"
1337,"accompli"
1338,"4"
1339,"ans.""
1340,"@Caroline‚Ä¶"
1341,Fri Apr 07 10:28:42 CEST 2017 - Ambroise Chattey - Paris, XVIe : RT"
1342,Fri Apr 07 10:28:31 CEST 2017 - zey -  : RT"
1343,"@BilelBgr:"
1344,"tenait"
1345,"absolument"
1346,"poser"
1347,"pr√©f√©r√©e#LeGrandDebat"
1348,"https://t.co/fMZbwB8qS2"
1349,Fri Apr 07 10:28:29 CEST 2017 - ‚Ñ¢ -  : RT"
1350,Fri Apr 07 10:28:28 CEST 2017 - Alice Morival -  : RT"
1351,Fri Apr 07 10:27:58 CEST 2017 - Emma Arnold -  : RT"
1352,"@ade3k:"
1353,"clash"
1354,"gros"
1355,"mitos."
1356,Fri Apr 07 10:27:57 CEST 2017 - audreyyy -  : RT"
1357,Fri Apr 07 10:27:57 CEST 2017 - HAVET EMMANUEL -  : RT"
1358,Fri Apr 07 10:27:57 CEST 2017 - @smailnamoudi -  : RT"
1359,""Daesh"
1360,"arrange","
1361,""√ßa"
1362,"permet"
1363,"faire"
1364,"num√©ro""
1365,"@benoithamon"
1366,"Penüì∫https://t.co/LI‚Ä¶"
1367,Fri Apr 07 10:27:35 CEST 2017 - Constantin Breuil - Vavincourt, France : RT"
1368,Fri Apr 07 10:27:27 CEST 2017 - Joan Blake -  : RT"
1369,Fri Apr 07 10:27:24 CEST 2017 - Sendo ü§ò -  : RT"
1370,Fri Apr 07 10:27:24 CEST 2017 - 3YEARS OF 5SOSARAH - Oujda, Royaume du Maroc : RT"
1371,Fri Apr 07 10:27:15 CEST 2017 - Michele -  : RT"
1372,"@ElyseeFillon17:"
1373,".@FrancoisFillon"
1374,"am√©liorera"
1375,"fran√ßais""
1376,"#JeVot‚Ä¶"
1377,Fri Apr 07 10:27:07 CEST 2017 - Geotraildark -  : RT"
1378,"@G_A_bitbol:"
1379,"oh"
1380,"putain"
1381,"elle"
1382,"beuh"
1383,"Ouais"
1384,"fr√®re"
1385,"https://t.co/3rFmPvfnKe"
1386,Fri Apr 07 10:27:03 CEST 2017 - Leora -  : RT"
1387,Fri Apr 07 10:26:58 CEST 2017 - Pamela Johnson -  : RT"
1388,"@DavidTimana:"
1389,"Philippot"
1390,"smithers"
1391,"Mr.Burns"
1392,"#GrosL√®cheBoule"
1393,"#LesSimpson"
1394,"#SlurpSlurp"
1395,Fri Apr 07 10:26:54 CEST 2017 - Fred Sochard - Angers, France : RT"
1396,"@oceanerosemarie:"
1397,"Aujourd'hui"
1398,"re√ßu"
1399,"@PhilippePoutou"
1400,"@juliensalingue"
1401,"debriefer"
1402,"autres"
1403,"moments"
1404,"t√©l√©visuels"
1405,"fo‚Ä¶"
1406,Fri Apr 07 10:26:53 CEST 2017 - Mel Lemma -  : RT"
1407,Fri Apr 07 10:26:51 CEST 2017 - Tis√®me - Lille : RT"
1408,Fri Apr 07 10:26:49 CEST 2017 - XXVI. - Sannois, Ile-de-France : RT"
1409,Fri Apr 07 10:26:40 CEST 2017 - Dfoxxmasia - G U I M A R A E S : RT"
1410,Fri Apr 07 10:26:39 CEST 2017 - Aevalilly - Montr√©al : RT"
1411,Fri Apr 07 10:26:14 CEST 2017 - Allan üá´üá∑‚Ä†ŸÜ -  : RT"
1412,Fri Apr 07 10:26:12 CEST 2017 - Shannon Lawrence -  : RT"
1413,"@Thocerwan:"
1414,"-L'exemplarit√©"
1415,"politique...-ON"
1416,"VA"
1417,"PARLER"
1418,"TOI"
1419,"FILLON#LeGrandDebat"
1420,"https://t.co/74YJG0JYrg"
1421,Fri Apr 07 10:25:52 CEST 2017 - OC - La capitale. : RT"
1422,"@sonblesursarthe:"
1423,"repose"
1424,"l√†"
1425,"cas"
1426,"o√π...#Fillon"
1427,"#Retailleau"
1428,"#FillonClermont"
1429,"#‚Ä¶"
1430,Fri Apr 07 10:25:52 CEST 2017 - NEWSROOM - FR. redaction[at]news-room.fr : RT"
1431,"@ThibaultCealic:"
1432,"@ruthelkrief"
1433,"d√©briefe"
1434,"@TeleLoisirs"
1435,"@BFMTV"
1436,"@BFMTV_Inside"
1437,"@amplepuisien"
1438,Fri Apr 07 10:25:44 CEST 2017 - coulot -  : RT"
1439,Fri Apr 07 10:25:38 CEST 2017 - Gare au Gorille -  : RT"
1440,Fri Apr 07 10:25:35 CEST 2017 - Mel Lemma -  : RT"
1441,""J'ai"
1442,"beaucoup"
1443,"aim√©"
1444,"qu'a"
1445,"concernant"
1446,"l'immunit√©"
1447,"ouvri√®re"
1448,"#LeGrandD√©bat.""
1449,"#Le57Inter"
1450,Fri Apr 07 10:25:32 CEST 2017 - Beno√Æt -  : RT"
1451,Fri Apr 07 10:25:16 CEST 2017 - Falbala -  : RT"
1452,Fri Apr 07 10:25:07 CEST 2017 - Ma√Øssa üá©üáø -  : RT"
1453,"@MrSowGood:"
1454,"Regardez"
1455,"sourire"
1456,"marine"
1457,"lePen"
1458,"s'√©teindre"
1459,"petit"
1460,"luciole"
1461,"üòÇüëå#LeGrandDebat"
1462,"https://t.co/iJOUmxNS‚Ä¶"
1463,Fri Apr 07 10:25:01 CEST 2017 - Vicky Bowers -  : RT"
1464,"@benoithamon,"
1465,"Parti"
1466,"Socialiste"
1467,"https://t.co/gCkhYxUoqm"
1468,Fri Apr 07 10:24:57 CEST 2017 - C&C - Bretagne : RT"
1469,Fri Apr 07 10:24:32 CEST 2017 - Cl√©ment Cosnier - Ile-de-France, France : RT"
1470,Fri Apr 07 10:24:25 CEST 2017 - mel mez - bordeaux : RT"
1471,Fri Apr 07 10:24:16 CEST 2017 - Roi de la constit - Lille, France : RT"
1472,"@leiloub06:"
1473,""Pssssssst,"
1474,"b)"
1475,"grand"
1476,"II"
1477,"??""
1478,"@BordeldeDroit"
1479,"#BordelDeDroit"
1480,"https://t.co/CVzJ6A0m‚Ä¶"
1481,Fri Apr 07 10:24:08 CEST 2017 - Poupette Patriote ŸÜ - Notre belle France : RT"
1482,"@jeanlassalle:"
1483,"presse"
1484,"fran√ßaise"
1485,"vou√©e"
1486,"dispara√Ætre!"
1487,"Vous"
1488,"allez"
1489,"ob√©ir"
1490,"celui"
1491,"mettra"
1492,"gamelle!"
1493,Fri Apr 07 10:24:06 CEST 2017 - Mathieu Cacchia -  : RT"
1494,Fri Apr 07 10:24:01 CEST 2017 - Gagagougaga - Dubai, United Arab Emirates : RT"
1495,"@FInsoumiseParis:"
1496,"vainqueur"
1497,"#M√©lenchon:"
1498,"sagesse,"
1499,"&"
1500,"d√©termination"
1501,"diff√©rence!#JLM2017"
1502,Fri Apr 07 10:24:00 CEST 2017 - Poupette Patriote ŸÜ - Notre belle France : RT"
1503,"@Mikael_le_fou:"
1504,"#Hamon"
1505,"ben√™t"
1506,"atlantiste,"
1507,"n'aurais"
1508,"vot√©"
1509,"lui..."
1510,Fri Apr 07 10:23:55 CEST 2017 - Dominik - Paris, France : RT"
1511,"@Djem08:"
1512,"VIDEO"
1513,"@LCI"
1514,"porte-parole"
1515,"Cheminade"
1516,"d√©monte"
1517,"Olivier"
1518,"Mazerolles"
1519,"https://t.co/odkYkRnYqG‚Ä¶"
1520,"#Bourdi‚Ä¶"
1521,Fri Apr 07 10:23:45 CEST 2017 - Montjoie Saint Denis - France ! : RT"
1522,Fri Apr 07 10:23:30 CEST 2017 - Marilou - Paris, France : RT"
1523,Fri Apr 07 10:23:26 CEST 2017 - mauvaise idee -  : RT"
1524,Fri Apr 07 10:23:25 CEST 2017 - Miguel Otaz√∫ M. - Asunci√≥n - Paraguay : RT"
1525,""Fran√ßais,"
1526,"usez"
1527,"libert√©"
1528,"permettre"
1529,"remettre"
1530,"ordre,"
1531,"nom"
1532,"#Marine2‚Ä¶"
1533,Fri Apr 07 10:23:14 CEST 2017 - Alison Sanderson -  : RT"
1534,"@emissionantoine:"
1535,"‚ö†Ô∏è"
1536,"ARR√äTEZ"
1537,"TOUT,"
1538,"r√©cup√©r√©"
1539,"l'after-party"
1540,"‚ö†Ô∏è#Macron"
1541,"#Em‚Ä¶"
1542,Fri Apr 07 10:23:13 CEST 2017 - hamel amir -  : RT"
1543,"@domric49:"
1544,"devant"
1545,"Medef"
1546,"l'√©lecteur"
1547,"Et"
1548,"probl√®me"
1549,"n'a"
1550,Fri Apr 07 10:22:54 CEST 2017 - VeilleursdePau -  : RT"
1551,Fri Apr 07 10:22:52 CEST 2017 - DrShoryuEx -  : RT"
1552,Fri Apr 07 10:22:42 CEST 2017 - Gaby Gaby - Strasbourg, Alsace : #DupontAignan"
1553,"2e"
1554,"11,"
1555,"1er."
1556,"intentions"
1557,"vote"
1558,"inchang√©es"
1559,"pr"
1560,"lui.#LeGrandDebat"
1561,Fri Apr 07 10:22:36 CEST 2017 - eebeej -  : RT"
1562,Fri Apr 07 10:22:27 CEST 2017 - chris dauve - Montpellier, France : RT"
1563,Fri Apr 07 10:22:23 CEST 2017 - Alioune - Dk city, Lyon : RT"
1564,Fri Apr 07 10:22:01 CEST 2017 - Djem08 -  : VIDEO"
1565,"#BourdinDirect"
1566,Fri Apr 07 10:21:47 CEST 2017 - Don Quichotte üå∏ - Paris IX  : RT"
1567,Fri Apr 07 10:21:32 CEST 2017 - THOMAS.h'c -  : RT"
1568,"@Energix:"
1569,"Mdr,"
1570,"j'aime"
1571,"l'id√©e."
1572,"https://t.co/4Q50YCtnBv"
1573,Fri Apr 07 10:21:19 CEST 2017 - yayou -  : RT"
1574,Fri Apr 07 10:21:13 CEST 2017 - Canal-Oblik - France : RT"
1575,Fri Apr 07 10:21:08 CEST 2017 - pepito üç™ -  : RT"
1576,"@TaconazoFCB:"
1577,"philosophe."
1578,"https://t.co/brKXTIQoYP"
1579,Fri Apr 07 10:21:02 CEST 2017 - hghv - Paris, France : RT"
1580,Fri Apr 07 10:20:57 CEST 2017 - PAT  BZH - Mor - Bihan : RT"
1581,Fri Apr 07 10:20:54 CEST 2017 - SHEITAN -  : RT"
1582,"@JeanMessiha:"
1583,"prends"
1584,"viennent"
1585,"chez"
1586,"moi"
1587,"LR"
1588,"PS,"
1589,"rassurez-vous"
1590,"gouvernerai"
1591,"eu‚Ä¶"
1592,Fri Apr 07 10:20:52 CEST 2017 - ÏãúÎ†àÎÇò -  : RT"
1593,Fri Apr 07 10:20:44 CEST 2017 - 07/04 10h - ... : RT"
1594,Fri Apr 07 10:20:36 CEST 2017 - JL67 -  : RT"
1595,Fri Apr 07 10:20:31 CEST 2017 - Jean Emmanuel ROUX - Rh√¥ne-Alpes, France : RT"
1596,"@gael_bertin"
1597,"@RLDI_Lamy"
1598,"ratez"
1599,"surtout"
1600,"l'√©pisode"
1601,"https://t.co/fmrba5cBsl"
1602,Fri Apr 07 10:20:30 CEST 2017 - LastNight - France : RT"
1603,"@julienFI86:"
1604,"Allez"
1605,"coucher."
1606,"A"
1607,"demain"
1608,"twitter."
1609,"#MelenchonPresident"
1610,Fri Apr 07 10:20:24 CEST 2017 - giyongchy - paris. : RT"
1611,"@ShavinzCS:"
1612,"Pendant"
1613,"disais"
1614,"bizarre"
1615,"Lassalle,"
1616,"puis"
1617,"üòêüò∂"
1618,"https://t.co/oZoOIfZpsT"
1619,Fri Apr 07 10:20:23 CEST 2017 - kokoro - Dijon | IG: philippe_rochaa : RT"
1620,Fri Apr 07 10:20:20 CEST 2017 - mat -  : RT"
1621,Fri Apr 07 10:20:20 CEST 2017 - Ruth Arnold -  : RT"
1622,"@AirForceSwann:"
1623,"Bon"
1624,"ben"
1625,"non"
1626,"@jlm_2017"
1627,"https://t.co/004LcDZCOG"
1628,Fri Apr 07 10:20:19 CEST 2017 - dardenne julien - nimes : RT"
1629,"@FnBourgogne:"
1630,"Votons"
1631,"Libre"
1632,"soumise"
1633,"üá´üá∑#AuNomDuPeuple"
1634,"#marinepresidente"
1635,"#Emissionpoliti‚Ä¶"
1636,Fri Apr 07 10:20:11 CEST 2017 - hlellito - Ind√©termin√© : RT"
1637,Fri Apr 07 10:20:04 CEST 2017 - Jean Emmanuel ROUX - Rh√¥ne-Alpes, France : RT"
1638,Fri Apr 07 10:19:56 CEST 2017 - benamghar saadi -  : RT"
1639,"@NabilaKeramane:"
1640,"Suis-je"
1641,"piger"
1642,"charabia"
1643,"lunaire"
1644,"exalt√©"
1645,"#Lassale?"
1646,Fri Apr 07 10:19:42 CEST 2017 - Marie -  : RT"
1647,Fri Apr 07 10:19:36 CEST 2017 - üèÉ -  : RT"
1648,"peux"
1649,"personne."
1650,"https://t.co/02PY7pZojs"
1651,Fri Apr 07 10:19:32 CEST 2017 - Pitard sonia - willgottheim : RT"
1652,"@GoninJackye:"
1653,".@FrancoisFillon,"
1654,"l'alternance"
1655,"majorit√©"
1656,"https://t.co/PhYa‚Ä¶"
1657,Fri Apr 07 10:19:23 CEST 2017 - @restonica FF. NS - Languedoc-Roussillon, France : RT"
1658,Fri Apr 07 10:19:19 CEST 2017 - Estelle üåª - Rouen, France : RT"
1659,"@juljouanneau:"
1660,"Ils"
1661,"l√†."
1662,"#DebatTF1"
1663,"https://t.co/PAfCML2NgE"
1664,Fri Apr 07 10:19:19 CEST 2017 - W E N D Y ‚Ä† -  : RT"
1665,"amuser"
1666,"√©coutant..."
1667,"https://t.co/mPf0Udjkxf"
1668,Fri Apr 07 10:19:13 CEST 2017 - Trefcon Bernadette E - Trefcon, France : RT"
1669,Fri Apr 07 10:19:04 CEST 2017 - IPS√âIT√â - 7eme Ciel : RT"
1670,"@sergerocks:"
1671,"Ohlala"
1672,"Nathalie"
1673,"saoul√©"
1674,"parles"
1675,"meteo"
1676,"pleut"
1677,"cause"
1678,"capitalisme"
1679,Fri Apr 07 10:18:59 CEST 2017 - Col√©tte St√©rol -  : RT"
1680,Fri Apr 07 10:18:57 CEST 2017 - Fran√ßois - 75008 Paris, France : RT"
1681,Fri Apr 07 10:18:57 CEST 2017 - chabrouty  marie pie - Vosges, Lorraine : RT"
1682,Fri Apr 07 10:18:52 CEST 2017 - Maxime Lougdali -  : RT"
1683,Fri Apr 07 10:18:43 CEST 2017 - üîΩ œÜ Ize œÜüîΩ -  : RT"
1684,Fri Apr 07 10:18:16 CEST 2017 - Anthony - Nice, France : RT"
1685,"@Al3k0n:"
1686,"-Et"
1687,""De"
1688,"convainquant"
1689,"toi"
1690,"con"
1691,"vaincu"#LeGrandDebat"
1692,Fri Apr 07 10:18:07 CEST 2017 - Anthony - Nice, France : RT"
1693,"Joyeux"
1694,"Hunger"
1695,"Games,"
1696,"puisse"
1697,"sort"
1698,"√™tre"
1699,"favorable"
1700,"https://t.co/tJZuCZH71Y"
1701,Fri Apr 07 10:18:06 CEST 2017 - Pr√©sidentielle 2017 - France : RT"
1702,Fri Apr 07 10:17:58 CEST 2017 - Pr√©sidentielle 2017 - France : RT"
1703,Fri Apr 07 10:17:49 CEST 2017 - N N -  : RT"
1704,Fri Apr 07 10:17:48 CEST 2017 - . -  : RT"
1705,"@focus0nyasmine:"
1706,"REND"
1707,"L'ARGENT"
1708,"https://t.co/wOqVJAefy8"
1709,Fri Apr 07 10:17:42 CEST 2017 - Pinta Anthony -  : RT"
1710,Fri Apr 07 10:17:39 CEST 2017 - Sam Houra√Ø - Hauts-de-Seine, Ile-de-France : RT"
1711,"temps"
1712,"QG"
1713,"https://t.co/Jwvfu8Iv8b"
1714,Fri Apr 07 10:17:33 CEST 2017 - Heidi Wheeler -  : RT"
1715,"@Ju_Raciste_Park:"
1716,"Bient√¥t"
1717,"Nekfeu"
1718,"Vs"
1719,"
1720,"Orelsan"
1721,"etc"
1722,"üî•"
1723,"#RC"
1724,Fri Apr 07 10:17:26 CEST 2017 - CAMBRON - Paris, France : RT"
1725,"@MaximeHaes:"
1726,"MLP"
1727,"¬´Les"
1728,"services"
1729,"publics"
1730,"aime"
1731,"leur"
1732,"taper"
1733,"dessus¬ª."
1734,"Menacer"
1735,"fonctionnaires"
1736,"aussi.#LeGrandDebat"
1737,Fri Apr 07 10:17:23 CEST 2017 - mano lancrerot - Guadeloupe - french west indie : RT"
1738,Fri Apr 07 10:17:22 CEST 2017 - TommyLove #Keur - Narnia (Maroc) : RT"
1739,Fri Apr 07 10:17:14 CEST 2017 - üê∏‚ìÇÔ∏è–¥thi‚Ç¨u ŸÜüá´üá∑‚ñΩüíÄ - France  : #Macron"
1740,Fri Apr 07 10:16:27 CEST 2017 - JUVENTINO -  : RT"
1741,Fri Apr 07 10:16:17 CEST 2017 - PostBadBabe -  : RT"
1742,"@SondageWorId:"
1743,"Trouvez"
1744,"int√©ressant"
1745,"propos"
1746,"?#macron2017"
1747,Fri Apr 07 10:16:06 CEST 2017 - mariepascaleollivier -  : RT"
1748,Fri Apr 07 10:16:01 CEST 2017 - PleineLulu -  : RT"
1749,Fri Apr 07 10:15:53 CEST 2017 - AV -  : #LEmissionPolitique"
1750,"prennent"
1751,"c.@FrancoisFillon"
1752,Fri Apr 07 10:15:36 CEST 2017 - –ö–∞—Ç—è –ò–≤–∞–Ω–æ–≤–∞ -  : RT"
1753,"@nymguitarist:"
1754,"#presidentielle2017"
1755,"#Poutou2017"
1756,Fri Apr 07 10:15:33 CEST 2017 - √ñzil  BPEU -  : RT"
1757,Fri Apr 07 10:15:23 CEST 2017 - Valentine06400 - Cannes : RT"
1758,"@duff_officiel:"
1759,"voil√†!"
1760,"https://t.co/ht4hbklHC0"
1761,Fri Apr 07 10:15:15 CEST 2017 - Madeleine Paige -  : RT"
1762,"@realCeurlleuz:"
1763,"pourquoi"
1764,"rappel√©"
1765,"Ghandi"
1766,"Civilization."
1767,"https://t.co/SD‚Ä¶"
1768,Fri Apr 07 10:15:01 CEST 2017 - üëÅ‚Äçüó® - Metz  : RT"
1769,"There's"
1770,"something"
1771,"this"
1772,"haircut..."
1773,"https://t.co/ePf9ddDnFe"
1774,Fri Apr 07 10:14:42 CEST 2017 - Jean Louis Gerdes -  : #LeGrandDebat"
1775,"mardi"
1776,"confirm√©"
1777,"cesse"
1778,"r√©p√©ter"
1779,"peuple"
1780,"glorifie"
1781,"pauvret√©üëé"
1782,Fri Apr 07 10:14:32 CEST 2017 - Rose -  : RT"
1783,"@GianniLInsoumis:"
1784,"l√¢che"
1785,"https://t.co/mF9gYrwcng"
1786,Fri Apr 07 10:14:23 CEST 2017 - SAM -  : RT"
1787,Fri Apr 07 10:14:21 CEST 2017 - Jeanne Ultout - Paris / Vichy : RT"
1788,"@SherCaan_:"
1789,"Toujours"
1790,"chaud"
1791,"crier"
1792,""Fillon"
1793,"rends"
1794,"l'argent"?"
1795,"https://t.co/gc5OppUHcQ"
1796,Fri Apr 07 10:14:18 CEST 2017 - Poulpy (justine) -  : RT"
1797,"@les_repliques:"
1798,"@FerryLuc"
1799,"philosophe"
1800,"ex"
1801,"ministre"
1802,"l'√©ducation"
1803,"nationale"
1804,"remettait"
1805,"couche@PorcherThomas"
1806,Fri Apr 07 10:14:17 CEST 2017 - AV -  : #LEmissionPolitique"
1807,"c.‚Ä¶"
1808,"https://t.co/77G4TBoZ28"
1809,Fri Apr 07 10:14:16 CEST 2017 - K-LY - Paris, Ile-de-France : RT"
1810,Fri Apr 07 10:14:09 CEST 2017 - üá®üá≤üèÜ - XVe : RT"
1811,"ENFIN"
1812,"ose"
1813,"f√¢che"
1814,"plein"
1815,"milieu"
1816,"üëä#LeGrandDebat"
1817,"https://t.co/FYhasN5yVx"
1818,Fri Apr 07 10:14:06 CEST 2017 - Canal-Oblik - France : RT"
1819,"@TwIttNTIN:"
1820,"sauce"
1821,"https://t.co/iLjPOtnq2d"
1822,Fri Apr 07 10:14:02 CEST 2017 - Jigglypuff - Strasbourg, France : RT"
1823,Fri Apr 07 10:13:58 CEST 2017 - Patricia - Laval, France : #LeGrandDebat"
1824,"BarbaraLefebvre"
1825,"soutien"
1826,"direct"
1827,"2"
1828,"hier."
1829,"clique"
1830,"parti"
1831,"vomirü§¢ü§¢ü§¢ü§¢"
1832,Fri Apr 07 10:13:56 CEST 2017 - üá®üá©üáßüá™‚Ñ¢ - R.I.P. Evan, JM & Moussab : RT"
1833,Fri Apr 07 10:13:49 CEST 2017 - . -  : RT"
1834,"@LeLumberJack:"
1835,"#LeGrandDebat-Monsieur"
1836,"tour-"
1837,"https://t.co/qjutj0CC87"
1838,Fri Apr 07 10:13:47 CEST 2017 - ‚ò†Ô∏è - Parc des Princes : RT"
1839,Fri Apr 07 10:13:46 CEST 2017 - Denis Psaltopoulos - Lyon, France : RT"
1840,"@gaelhamayon:"
1841,"TRIBUNE"
1842,"|"
1843,""Culture,"
1844,"t'aime"
1845,"#Programme"
1846,"#Culture"
1847,"#Pr√©sidentielle2017"
1848,"üá´üá∑"
1849,"https://t.co/4cZ5oNip41"
1850,Fri Apr 07 10:13:38 CEST 2017 - AV -  : #LEmissionPolitique"
1851,"https://t.co/wZaV4sW8jn"
1852,Fri Apr 07 10:13:34 CEST 2017 - Olympioscope #TeamOM - France : RT"
1853,Fri Apr 07 10:13:28 CEST 2017 - Hana√´na -  : RT"
1854,"@LesquenOfficiel:"
1855,"Merci,"
1856,"Artaud,"
1857,"montrer"
1858,"gauche,"
1859,"l'√©tat"
1860,"pur,"
1861,"maladie"
1862,"mentale."
1863,Fri Apr 07 10:13:05 CEST 2017 - üá®üáÆüá™üá∏ -  XI : RT"
1864,Fri Apr 07 10:12:50 CEST 2017 - Fiona Cornish -  : RT"
1865,"@Redzoo_:"
1866,"troph√©e"
1867,"l'homme"
1868,"remit"
1869,"Luc"
1870,"phrases"
1871,"transversales"
1872,"d√©cisives"
1873,"#DebatTF1‚Ä¶"
1874,Fri Apr 07 10:12:49 CEST 2017 - BenoFoto - @benofoto : RT"
1875,"@BenoFoto:"
1876,"l'on"
1877,"croit"
1878,"#EuroTraitre"
1879,"#NPA"
1880,"#CES"
1881,"#UPR"
1882,"318üîÑ‚Ä¶"
1883,Fri Apr 07 10:12:48 CEST 2017 - Steven MAFIODO - Basse-Normandie, France : RT"
1884,"@Politi81:"
1885,"üìäClassement"
1886,"ainsi"
1887,"diff√©rents"
1888,"partis"
1889,"politiques."
1890,"@dupontaignan"
1891,"#NDA2017"
1892,Fri Apr 07 10:12:44 CEST 2017 - Lavette Bumgarner -  : RT"
1893,Fri Apr 07 10:12:26 CEST 2017 - ??? -  : RT"
1894,"pouvons"
1895,"jeune"
1896,"g√©n√©ration"
1897,"avenir"
1898,"dette""
1899,"https://t.co/Ut‚Ä¶"
1900,Fri Apr 07 10:12:21 CEST 2017 - ??? -  : RT"
1901,Fri Apr 07 10:12:18 CEST 2017 - synyster - sala samob√≥jocow  : RT"
1902,"@LEXPRESS:"
1903,"[MES"
1904,"COMPATRIOTES]"
1905,"m√©ritait"
1906,"best"
1907,"https://t.co/SDcVc9wHYM"
1908,Fri Apr 07 10:12:14 CEST 2017 - Julien CT -  : RT"
1909,"@robillyboy:"
1910,"poutoux"
1911,"toux"
1912,Fri Apr 07 10:11:51 CEST 2017 - Paul Gul -  : RT"
1913,"@SoChik75:"
1914,"staffs"
1915,"attendent"
1916,"pub"
1917,"entrer"
1918,"@EmmanuelMacron."
1919,"donne"
1920,"consignes"
1921,Fri Apr 07 10:11:49 CEST 2017 - ‚ú®üëë - La R√©union : RT"
1922,"@hugoclement:"
1923,"plainte"
1924,"annonc√©e"
1925,"t-elle"
1926,"d√©pos√©e"
1927,Fri Apr 07 10:11:47 CEST 2017 - AV -  : #LEmissionPolitique"
1928,"https://t.co/dapDMaXnAg"
1929,Fri Apr 07 10:11:40 CEST 2017 - LŸÜ –Ø ‚Ä† = ‚ô• ‚Ü¨ - Belgique : En"
1930,"d√©bat,n'en"
1931,"parlons"
1932,"pas,il"
1933,"absent,les"
1934,"6"
1935,""petits""
1936,"√©taient"
1937,"convaincants"
1938,"lui,"
1939,"minable"
1940,"#legrandd√©bat‚Ä¶"
1941,"https://t.co/1mWGhOQtq7"
1942,Fri Apr 07 10:11:20 CEST 2017 - Jul√©van ü¶ãüåπ - Val-d'Oise, Ile-de-France : RT"
1943,Fri Apr 07 10:10:51 CEST 2017 - ŸÜ Barnie ‚úù = ‚ô• -  : RT"
1944,Fri Apr 07 10:10:41 CEST 2017 - light years - gravity falls : RT"
1945,"@Brandcraft06:"
1946,"@Sylvqin"
1947,"Dans"
1948,"t√™te"
1949,"https://t.co/8WWz68MXV9"
1950,Fri Apr 07 10:10:18 CEST 2017 - Cit oy√©(n) -  : RT"
1951,"@jlm_2017:"
1952,"60%"
1953,"n'ont"
1954,"religion"
1955,"Fichez-nous"
1956,"paix"
1957,"religions"
1958,"#Laicite"
1959,"#DebatBFM"
1960,Fri Apr 07 10:10:15 CEST 2017 - uneveritequiderange - Paris, Ile-de-France : RT"
1961,Fri Apr 07 10:09:55 CEST 2017 - Robin B. -  : Un"
1962,Fri Apr 07 10:09:51 CEST 2017 - Jul√©van ü¶ãüåπ - Val-d'Oise, Ile-de-France : RT"
1963,Fri Apr 07 10:09:37 CEST 2017 - SANTA -  : RT"
1964,Fri Apr 07 10:09:32 CEST 2017 - Ô∏èjuda51¬Æ -  : RT"
1965,"@YoumniK:"
1966,"avant"
1967,"https://t.co/bn27cvU6aN"
1968,Fri Apr 07 10:09:12 CEST 2017 - Aya - Batroun//Marseille : RT"
1969,Fri Apr 07 10:09:08 CEST 2017 - happier -  : RT"
1970,"ü§î"
1971,"https://t.co/qitZqehRbs"
1972,Fri Apr 07 10:08:26 CEST 2017 - Akikane -  : RT"
1973,"@JeanTouk:"
1974,"Y"
1975,"orthophoniste"
1976,Fri Apr 07 10:08:12 CEST 2017 - sofialove - Strasbourg : RT"
1977,Fri Apr 07 10:08:06 CEST 2017 - MOI LISA -  : RT"
1978,Fri Apr 07 10:07:52 CEST 2017 - Fran√ßois Marhic - Rennes, France  : RT"
1979,Fri Apr 07 10:07:39 CEST 2017 - Nathalie Cournil -  : RT"
1980,"@edwyplenel:"
1981,"bonne"
1982,"surprise"
1983,"pr√©tendus"
1984,""petits"
1985,"candidats""
1986,"bris√©"
1987,"codes"
1988,"profession‚Ä¶"
1989,Fri Apr 07 10:07:12 CEST 2017 - AmyüíÑ - Bordeaux, France : RT"
1990,Fri Apr 07 10:07:00 CEST 2017 - Canal-Oblik - France : RT"
1991,Fri Apr 07 10:06:30 CEST 2017 - thierry rouby - Caen, Basse-Normandie : RT"
1992,Fri Apr 07 10:05:49 CEST 2017 - Anne Poussigue - Montpellier, France : RT"
1993,"@gblardone:"
1994,"restera"
1995,"UNE"
1996,"punchline"
1997,"1er"
1998,"tour.Et"
1999,"basta#LeGrandD√©bat"
2000,"https://t.co/2KJxG9zq8V"
2001,Fri Apr 07 10:05:34 CEST 2017 - CLAntibes -  : RT"
2002,Fri Apr 07 10:05:28 CEST 2017 - Polocartes - France : RT"
2003,Fri Apr 07 10:05:26 CEST 2017 - Bastien DIRIONG - La Fare-les-Oliviers, France : RT"
2004,Fri Apr 07 10:05:24 CEST 2017 - Anne Poussigue - Montpellier, France : RT"
2005,Fri Apr 07 10:05:23 CEST 2017 - Les 4 Contre ADP - Urbi et Orbi : RT"
2006,"t'il"
2007,"chances"
2008,"d'aller"
2009,"2nd"
2010,"#sondage"
2011,"#LEmissionPolit‚Ä¶"
2012,Fri Apr 07 10:05:20 CEST 2017 - h√©l√®ne viala - Paris : RT"
2013,Fri Apr 07 10:05:18 CEST 2017 - AV -  : #LEmissionPolitique"
2014,Fri Apr 07 10:05:17 CEST 2017 - etalors -  : RT"
2015,Fri Apr 07 10:04:57 CEST 2017 - Carla -  : RT"
2016,Fri Apr 07 10:04:44 CEST 2017 - alex - france : RT"
2017,Fri Apr 07 10:04:43 CEST 2017 - AmyüíÑ - Bordeaux, France : RT"
2018,Fri Apr 07 10:04:39 CEST 2017 - PrincessBadaboum -  : RT"
2019,Fri Apr 07 10:04:34 CEST 2017 - Myelia -  : RT"
2020,Fri Apr 07 10:04:23 CEST 2017 - Milo - #Insoumis : RT"
2021,Fri Apr 07 10:04:13 CEST 2017 - R√©gis Hounkp√® - Paris, Cotonou, monde... : RT"
2022,"@maisondespotes:"
2023,"N'oublions"
2024,"Ibrahim"
2025,"Ali"
2026,"Front"
2027,"National"
2028,"https://t.co/LTh2prTA3h"
2029,Fri Apr 07 10:04:11 CEST 2017 - coulot -  : RT"
2030,Fri Apr 07 10:03:44 CEST 2017 - jmknudsen - France : RT"
2031,"@OlivierBabeau:"
2032,"Est-il"
2033,"anti-d√©mocratique"
2034,"sugg√©rer"
2035,"prochaine"
2036,"barre"
2037,"d'acc√®s"
2038,"candidature"
2039,"soit"
2040,"relev√©e?"
2041,Fri Apr 07 10:03:40 CEST 2017 - Emily Hardacre -  : RT"
2042,Fri Apr 07 10:03:19 CEST 2017 - Guyzmo - France : RT"
2043,Fri Apr 07 10:02:43 CEST 2017 - AV -  : A"
2044,"Minc"
2045,"donc"
2046,"piston√©"
2047,""la"
2048,"pute""
2049,"Rothschild"
2050,"https://t.co/h4fJTqgiWb"
2051,Fri Apr 07 10:02:14 CEST 2017 - Gladio - Washington, USA : RT"
2052,Fri Apr 07 10:02:11 CEST 2017 - Chan Mcmahon -  : RT"
2053,"@RomBienne:"
2054,""-"
2055,"Arthaud,"
2056,"C'EST"
2057,"FAUTE"
2058,"PATRONAAAAAAAAT"
2059,"!!!""
2060,"https://t.co/DWQnKc07Lm"
2061,Fri Apr 07 10:02:08 CEST 2017 - H√©l√®ne M.  INSPIRAT¬∞ - France : RT"
2062,"@DimitriCasali:"
2063,"#MacronHollande"
2064,"d√©clarer"
2065,""l'√©cole"
2066,"objectif"
2067,"d'enseigner"
2068,""le"
2069,"lien"
2070,"profond"
2071,"nation"‚Ä¶"
2072,Fri Apr 07 10:02:06 CEST 2017 - Anne Poussigue - Montpellier, France : RT"
2073,Fri Apr 07 10:01:55 CEST 2017 - ‚ú®ÿ≥ŸäŸÖŸàŸÜÿß - Val-de-Marne, Ile-de-France : RT"
2074,"@TalaudS:"
2075,"https://t.co/6Hz7J7szsW"
2076,Fri Apr 07 10:01:51 CEST 2017 - ‚ú®ÿ≥ŸäŸÖŸàŸÜÿß - Val-de-Marne, Ile-de-France : RT"
2077,"@naglaglasson:"
2078,"Poutou:"
2079,"https://t.co/p2f6aO3shS"
2080,Fri Apr 07 10:01:40 CEST 2017 - Mara Ramdane -  : RT"
2081,"https://t.co/UzdXEzTjoI"
2082,Fri Apr 07 10:01:38 CEST 2017 - Nourredine - France : "Le"
2083,"https://t.co/kY0AH8amiA"
2084,Fri Apr 07 10:01:26 CEST 2017 - mel mez - bordeaux : RT"
2085,Fri Apr 07 10:01:09 CEST 2017 - Cathy Chan - Lyon : RT"
2086,"@30millionsdamis:"
2087,"s'engagent"
2088,"concr√®tement"
2089,"#CauseAnimale"
2090,"Question"
2091,"@CNEWS‚Ä¶"
2092,Fri Apr 07 10:01:08 CEST 2017 - EliottLeSurichat -  : RT"
2093,"@fredsacco:"
2094,"avez"
2095,"rat√©"
2096,"image."
2097,"#bravo"
2098,"https://t.co/qdVHPTSq1q"
2099,Fri Apr 07 10:00:49 CEST 2017 - NGC-6543 - List = Blacklist : RT"
2100,Fri Apr 07 10:00:27 CEST 2017 - Jasmine Hemmings -  : RT"
2101,"my"
2102,"god"
2103,"just"
2104,"figured"
2105,"out"
2106,"https://t.co/OhxGwNrA99"
2107,Fri Apr 07 10:00:26 CEST 2017 - coulot -  : RT"
2108,Fri Apr 07 10:00:25 CEST 2017 - Tweetee - France : @EricAlfa93"
2109,"@VincentChriqui"
2110,"#Presidentielles2017"
2111,"#FillonDegage"
2112,"#Fillon2017‚Ä¶"
2113,"https://t.co/xrPpuOnjS9"
2114,Fri Apr 07 09:59:57 CEST 2017 - Sam AO.I Brocoli - H√©misph√®re Nord : RT"
2115,""Voil√†""
2116,Fri Apr 07 09:59:47 CEST 2017 - Jeremy - Neuilly-sur-Marne, France : RT"
2117,Fri Apr 07 09:59:46 CEST 2017 - Maggo - Poitiers, France : RT"
2118,Fri Apr 07 09:59:43 CEST 2017 - boubi - haut-normandie : RT"
2119,"@C8TV:"
2120,"@LNE"
2121,Fri Apr 07 09:59:43 CEST 2017 - AV -  : #LeGrandDebat"
2122,"imb√©ciles."
2123,"https://t.co/wJ3TJKu1yM"
2124,Fri Apr 07 09:59:38 CEST 2017 - Mathieu Cacchia -  : RT"
2125,Fri Apr 07 09:59:10 CEST 2017 - peace ÿ™ üîª -  : RT"
2126,Fri Apr 07 09:59:09 CEST 2017 - lamoryjp - Paris : RT"
2127,Fri Apr 07 09:59:08 CEST 2017 - Texier isabelle - M√©dis, France : RT"
2128,"L√©a"
2129,"Salam√©"
2130,""dans"
2131,"mois"
2132,"serez"
2133,"R√©publique"."
2134,"appr√©cieront"
2135,"te‚Ä¶"
2136,Fri Apr 07 09:58:46 CEST 2017 - Ahmed œÜ - Marseille  : RT"
2137,Fri Apr 07 09:58:42 CEST 2017 - AV -  : #LeGrandDebat"
2138,"imb√©ciles"
2139,"https://t.co/QLLjN3lSq5"
2140,Fri Apr 07 09:58:40 CEST 2017 - Tweetee - France : @VincentChriqui"
2141,"#FillonPresident"
2142,"#soutienfillon"
2143,"#LeGrandDebatET"
2144,"BAM"
2145,"PRENDS"
2146,"√áA"
2147,"!üëéBRAVO‚Ä¶"
2148,"https://t.co/fz3WdgQBmX"
2149,Fri Apr 07 09:58:34 CEST 2017 - peace ÿ™ üîª -  : RT"
2150,"renvoy√©"
2151,"d√©g√¢ts"
2152,"donn√©s"
2153,"l'adversaire"
2154,"multipliant"
2155,"100.KO.#LeGrandDebathttps://t.co/GjC‚Ä¶"
2156,Fri Apr 07 09:58:32 CEST 2017 - Tweetee - France : @VincentChriqui"
2157,"https://t.co/RbBLoh8HMp"
2158,"#FillonPresident‚Ä¶"
2159,"https://t.co/1n5KXKC7bf"
2160,Fri Apr 07 09:58:24 CEST 2017 - glenat Andr√© - annecy : RT"
2161,Fri Apr 07 09:58:04 CEST 2017 - Citoyen InsœÜumis üîª - L√†-haut sur la montagneuuu. : RT"
2162,Fri Apr 07 09:57:41 CEST 2017 - peace ÿ™ üîª -  : RT"
2163,"@bygmillion:"
2164,"maintenant"
2165,""rends"
2166,"l'argent""
2167,"??"
2168,"https://t.co/b2SgcpK6xM"
2169,Fri Apr 07 09:57:40 CEST 2017 - Margaret Allen -  : RT"
2170,Fri Apr 07 09:57:11 CEST 2017 - Maerza -  : RT"
2171,Fri Apr 07 09:57:02 CEST 2017 - marcel barteau - Nantes Metropole / Touvois : RT"
2172,Fri Apr 07 09:56:57 CEST 2017 - Manouch üåπ -  : RT"
2173,Fri Apr 07 09:56:52 CEST 2017 - Tweetee - France : @MdialloAliouzh"
2174,"https://t.co/onmZWTH8Hs"
2175,Fri Apr 07 09:56:52 CEST 2017 - SALOPETTE - Au  large  du cap Desesperance : RT"
2176,"@ZeldaDorant:"
2177,"Moment"
2178,"kiffant"
2179,"https://t.co/ywrVMs0isq"
2180,Fri Apr 07 09:56:48 CEST 2017 - ü§ôüèº -  : RT"
2181,Fri Apr 07 09:56:46 CEST 2017 - Kaixoka - Earth... So far... : RT"
2182,"@FrancoisFictif:"
2183,"#FrancoisFictif"
2184,"#CestToujoursQuand"
2185,"https://t.co/PqTbXEKQWX"
2186,Fri Apr 07 09:56:22 CEST 2017 - jeunes Fillon 77 - France : RT"
2187,"@Fillon2017_67:"
2188,"Avec"
2189,"assainir"
2190,"nos"
2191,"comptes"
2192,"https://t.co/L0kLGvRFFE"
2193,Fri Apr 07 09:55:58 CEST 2017 - Louis K. -  : RT"
2194,Fri Apr 07 09:55:40 CEST 2017 - Juggler of Jusa - AvA || √¶l || accords f√©minins : RT"
2195,"@CalistaMiiko:"
2196,"Mdr"
2197,"dirait"
2198,"qu'avec"
2199,"manches"
2200,"derri√®re,"
2201,"cornes"
2202,":')"
2203,"https://t.co/‚Ä¶"
2204,Fri Apr 07 09:55:19 CEST 2017 - CASANDRA - France : RT"
2205,Fri Apr 07 09:55:17 CEST 2017 - J‚ù§Centre &Fromantin - Amiens, berceau de Jules Verne : RT"
2206,"@L0HYb:"
2207,"Moralisation"
2208,"https://t.co/RpSR4oO3Ab"
2209,"#ServirPasSeSer‚Ä¶"
2210,Fri Apr 07 09:55:15 CEST 2017 - aisha - Nobody can take Islam from me. : RT"
2211,Fri Apr 07 09:55:11 CEST 2017 - ALERTE INFO - Paris, France : #LeGrandDebat"
2212,""@PhilippePoutou"
2213,"v√©rit√©s"
2214,"choquent"
2215,"parfois"
2216,"oreilles"
2217,"chastes"‚Ä¶‚Ä¶"
2218,"https://t.co/NT5bLdlvY1"
2219,Fri Apr 07 09:55:09 CEST 2017 - Oc√©üáÆüáπ - Paris : RT"
2220,Fri Apr 07 09:55:00 CEST 2017 - Remi Lebrun -  : VIDEO"
2221,"https://t.co/Y3z4Msrlf9‚Ä¶"
2222,Fri Apr 07 09:54:58 CEST 2017 - J-Renaud Daigremont -  : RT"
2223,"@anne_sinclair:"
2224,"pb"
2225,"suivi"
2226,""oubli√©s""
2227,"etaient"
2228,"Arthaud"
2229,"e‚Ä¶"
2230,Fri Apr 07 09:54:54 CEST 2017 - üá®üá©üáßüá™‚Ñ¢ - R.I.P. Evan, JM & Moussab : RT"
2231,Fri Apr 07 09:54:48 CEST 2017 - derpina - Martinique : RT"
2232,Fri Apr 07 09:54:44 CEST 2017 - √âcoœÜ -  : RT"
2233,"@la_chouet:"
2234,"BAM!Hamon"
2235,"franchir"
2236,"mur"
2237,"ridicule"
2238,"Discours"
2239,"ringard"
2240,"j'aurais"
2241,"pu"
2242,"√©crire"
2243,"lyc√©e"
2244,"peut"
2245,"m‚Ä¶"
2246,Fri Apr 07 09:54:43 CEST 2017 - C√©line üå™ - Orl√©ans, Centre : RT"
2247,Fri Apr 07 09:54:34 CEST 2017 - AV -  : #LeGrandDebat"
2248,"https://t.co/p9hU9nAzI5"
2249,Fri Apr 07 09:54:34 CEST 2017 - üá®üá©üáßüá™‚Ñ¢ - R.I.P. Evan, JM & Moussab : RT"
2250,Fri Apr 07 09:54:33 CEST 2017 - docteur masqu√© - paris : C'est"
2251,"touche"
2252,"pyjama!!!#LeGrandDebat"
2253,"https://t.co/ANjw3ffOaj"
2254,Fri Apr 07 09:54:14 CEST 2017 - Louis K. -  : RT"
2255,Fri Apr 07 09:54:04 CEST 2017 - Arnaud RAVIN - Douai, FRANCE : RT"
2256,"@PaHallain:"
2257,"Qu'a"
2258,"pens√©"
2259,"@GillesBouleau"
2260,":"C'√©tait"
2261,"int√©ressant,"
2262,"vif,"
2263,"cacophonique."
2264,"appris"
2265,"p‚Ä¶"
2266,Fri Apr 07 09:53:55 CEST 2017 - üå∫ - lille : RT"
2267,"@A_Magio:"
2268,"plan"
2269,"cadreur"
2270,"mention"
2271,""l'argent"
2272,"doit"
2273,"rendu""
2274,"üôåüèºüòπ"
2275,"#Deb‚Ä¶"
2276,Fri Apr 07 09:53:48 CEST 2017 - jeunes Fillon 77 - France : RT"
2277,"Premi√®re"
2278,"victime"
2279,"Aurore"
2280,"Berg√©"
2281,"s'endort"
2282,"derri√®re"
2283,"https://t.co/uqODMrpjGV"
2284,Fri Apr 07 09:53:48 CEST 2017 - Canal-Oblik - France : RT"
2285,Fri Apr 07 09:53:44 CEST 2017 - Paul-Henri Allain -  : Qu'a"
2286,"programmes""
2287,"#LGDM"
2288,Fri Apr 07 09:53:38 CEST 2017 - Ella Mills -  : RT"
2289,Fri Apr 07 09:53:25 CEST 2017 - serge raoul - Toulouse : Tout"
2290,"pyjama"
2291,"Visi‚Ä¶"
2292,"https://t.co/yVzCj9kdMM"
2293,Fri Apr 07 09:53:23 CEST 2017 - üò° -  : RT"
2294,Fri Apr 07 09:53:19 CEST 2017 - Sophie Guillaudin - La Chapelle-Blanche, France : RT"
2295,"@flocox73:"
2296,"dernier"
2297,"cover"
2298,"@PopySophie"
2299,"passera"
2300,"t-il"
2301,"10000"
2302,"vues"
2303,"?https://t.co/mAT0eC4UPw"
2304,"Ecoutez"
2305,"partagez"
2306,"merci‚Ä¶"
2307,Fri Apr 07 09:52:47 CEST 2017 - tr√©phine d'Armor -  : RT"
2308,"@JLMelenchon,"
2309,"Insoumise"
2310,"https://t.co/qfb8pgL3LT"
2311,Fri Apr 07 09:52:35 CEST 2017 - Le doc -  : RT"
2312,Fri Apr 07 09:52:33 CEST 2017 - zenetbien - nantes : RT"
2313,Fri Apr 07 09:52:27 CEST 2017 - .sanai. - France : RT"
2314,Fri Apr 07 09:52:22 CEST 2017 - Ccil œÜ Mo -  : RT"
2315,"üîÄ"
2316,"#DatCheck"
2317,"post-#LeGrandDebat"
2318,"configuration"
2319,"in√©dite..."
2320,"1√®re"
2321,"fois,"
2322,"donn√©"
2323,"qualifi√©‚Ä¶"
2324,Fri Apr 07 09:52:15 CEST 2017 - .sanai. - France : RT"
2325,"@TMBKA_:"
2326,"D√©sol√©,"
2327,"tentant...#LeGrandDebat"
2328,"https://t.co/wxKzuyR5Md"
2329,Fri Apr 07 09:51:56 CEST 2017 - Benjamin Rabier - Paris, France : .@GillesBouleau"
2330,""C'√©tait"
2331,Fri Apr 07 09:51:51 CEST 2017 - Ga√Øa - Aix en Provence  : RT"
2332,"@JJBourdin_RMC:"
2333,".@RMCinfo"
2334,"@PCF"
2335,"@plaurent_pcf"
2336,"des‚Ä¶"
2337,Fri Apr 07 09:51:51 CEST 2017 - Je suis une crevette - MARSEILLE  : RT"
2338,Fri Apr 07 09:51:46 CEST 2017 - FrancetteJB -  : RT"
2339,Fri Apr 07 09:51:44 CEST 2017 - St√©phanie üí´ -  : RT"
2340,Fri Apr 07 09:51:33 CEST 2017 - Sue Abraham -  : RT"
2341,"@OubahaSimo:"
2342,"#FilmPourCrowd42"
2343,"#Rabat"
2344,"https://t.co/loyp7Rdj2c"
2345,Fri Apr 07 09:51:23 CEST 2017 - arnaud hachet -  : RT"
2346,"@Penseursauvage:"
2347,"#DupontAignan"
2348,"document"
2349,"parlait"
2350,"niez"
2351,"l'existence"
2352,Fri Apr 07 09:51:16 CEST 2017 - -W9 œÜ - Paris, France : RT"
2353,Fri Apr 07 09:51:11 CEST 2017 - Etienne Fran√ßois - Castres, Midi Pyr√©n√©es  : RT"
2354,"@brutofficiel:"
2355,"fire"
2356,"https://t.co/m6A3pdXyQ9"
2357,Fri Apr 07 09:51:07 CEST 2017 - Bohly -  : RT"
2358,Fri Apr 07 09:51:06 CEST 2017 - emeuh‚ôï - Le Portel, France : RT"
2359,"@lbcswagathou:"
2360,"USA"
2361,"#ChuckNorris"
2362,"#M√©lenchon.#thuglife"
2363,"https://t.co/Fm4vGl5Tok"
2364,Fri Apr 07 09:51:01 CEST 2017 - MARCO LANDO - Perpignan, France : RT"
2365,"@NicoV83:"
2366,"montr√©"
2367,"qualit√©s"
2368,"humaines"
2369,"force"
2370,"programme."
2371,"Pr"
2372,"savoir"
2373,"https://t.co/vgIUUWVfop#Pr√©s‚Ä¶"
2374,Fri Apr 07 09:50:27 CEST 2017 - Bertrand beatrice -  : RT"
2375,Fri Apr 07 09:50:24 CEST 2017 - RIAD THE MAROCCAN - Grand Casablanca, Royaume du Maroc : RT"
2376,"allume"
2377,"secondes."
2378,"Magique."
2379,"https://t.co/FrjE522XS1"
2380,Fri Apr 07 09:50:15 CEST 2017 - RIAD THE MAROCCAN - Grand Casablanca, Royaume du Maroc : RT"
2381,Fri Apr 07 09:50:07 CEST 2017 - RIAD THE MAROCCAN - Grand Casablanca, Royaume du Maroc : RT"
2382,Fri Apr 07 09:50:00 CEST 2017 - Elsa Minot -  : .@GillesBouleau"
2383,Fri Apr 07 09:49:56 CEST 2017 - ActivEast - Strasbourg, France : ¬´¬†#LeGrandD√©bat¬†¬ª"
2384,"largement"
2385,"premier"
2386,"https://t.co/kqyseFcmIu"
2387,Fri Apr 07 09:49:52 CEST 2017 - EL Fanou - Sainte-Luce-sur-Loire, France : RT"
2388,Fri Apr 07 09:49:43 CEST 2017 - Ô∏è -  : RT"
2389,Fri Apr 07 09:49:43 CEST 2017 - üåπ - feministe intersectionnelle : RT"
2390,Fri Apr 07 09:49:39 CEST 2017 - Gladio - Washington, USA : RT"
2391,Fri Apr 07 09:49:39 CEST 2017 - VERMEER DE DELFT - Bourges, France : RT"
2392,Fri Apr 07 09:49:31 CEST 2017 - wearethedream -  : RT"
2393,Fri Apr 07 09:49:25 CEST 2017 - Aur√©lie üå± -  : RT"
2394,Fri Apr 07 09:49:20 CEST 2017 - N N -  : RT"
2395,Fri Apr 07 09:49:14 CEST 2017 - Captain Hell -  : RT"
2396,Fri Apr 07 09:49:11 CEST 2017 - ZOREIL -  : RT"
2397,Fri Apr 07 09:49:11 CEST 2017 - Et merciii hein -  : RT"
2398,Fri Apr 07 09:49:09 CEST 2017 - suisgrand - Dublin City, Ireland : RT"
2399,"@ZabouF:"
2400,"Wow"
2401,"NewYorkTimes"
2402,":""
2403,"Direct"
2404,"hit"
2405,"at"
2406,"French"
2407,"debate""
2408,"#Poutouhttps://t.co/2bStKnQv‚Ä¶"
2409,Fri Apr 07 09:48:53 CEST 2017 - Jo√´l Carn - Bretagne & Madagascar : RT"
2410,Fri Apr 07 09:48:53 CEST 2017 - M√º -  : RT"
2411,Fri Apr 07 09:48:29 CEST 2017 - babowski -  : RT"
2412,Fri Apr 07 09:48:29 CEST 2017 - Janick Coroller -  : RT"
2413,Fri Apr 07 09:48:28 CEST 2017 - Andrew - Marseille, France : RT"
2414,Fri Apr 07 09:47:43 CEST 2017 - Syn - In A Little Piece Of Heaven : RT"
2415,Fri Apr 07 09:47:10 CEST 2017 - rosy1956 - Croissy-sur-Seine, Ile-de-France : RT"
2416,Fri Apr 07 09:47:09 CEST 2017 - Kelok.üö¥ - TOURS : RT"
2417,Fri Apr 07 09:46:20 CEST 2017 - Linda Bch - Paris  : RT"
2418,Fri Apr 07 09:46:15 CEST 2017 - AlxDam -  : RT"
2419,Fri Apr 07 09:46:10 CEST 2017 - Waiting for Borloo ŸÜ - Evry le Bourg : RT"
2420,Fri Apr 07 09:46:09 CEST 2017 - œÜdcamsenüîª -  : RT"
2421,"@Pavalek_Noraj:"
2422,"https://t.co/dALGzBnmFS"
2423,Fri Apr 07 09:46:03 CEST 2017 - M√âLENCHON 2017 œÜ - A ton plafond avec morgane.  : RT"
2424,Fri Apr 07 09:46:01 CEST 2017 - M√âLENCHON 2017 œÜ - A ton plafond avec morgane.  : RT"
2425,Fri Apr 07 09:45:55 CEST 2017 - Torquet Jorite -  : RT"
2426,"@AV_Semenova:"
2427,"Mon"
2428,"nouvel"
2429,"article"
2430,"Pravda"
2431,"#LeGrandD√©bat:"
2432,"dynamique!"
2433,"https://t.co/9Gnb7WgwWJ‚Ä¶"
2434,Fri Apr 07 09:45:50 CEST 2017 - LUPI Jean-Claude - VERSAILLES, FRANCE : RT"
2435,"@Twystsky:"
2436,"anti-Poutine"
2437,"para√Æt"
2438,"totalement"
2439,"paum√©"
2440,"internationale"
2441,"mener"
2442,Fri Apr 07 09:45:45 CEST 2017 - Amaury - FRANCE : RT"
2443,Fri Apr 07 09:45:43 CEST 2017 - Trefcon Bernadette E - Trefcon, France : RT"
2444,Fri Apr 07 09:45:34 CEST 2017 - Anais  -  : RT"
2445,Fri Apr 07 09:45:20 CEST 2017 - lou -  : RT"
2446,"*looks"
2447,"camera"
2448,"I'm"
2449,"The"
2450,"Office*"
2451,"https://t.co/wRphfIZ14A"
2452,Fri Apr 07 09:45:13 CEST 2017 - lou -  : RT"
2453,Fri Apr 07 09:45:10 CEST 2017 - lou -  : RT"
2454,"lmao"
2455,"https://t.co/Yamx9eNMnl"
2456,Fri Apr 07 09:45:06 CEST 2017 - El Bougnoulito - Gen√®ve, Suisse : RT"
2457,Fri Apr 07 09:45:04 CEST 2017 - lou -  : RT"
2458,Fri Apr 07 09:45:01 CEST 2017 - nathalie -  : RT"
2459,"@libe:"
2460,"demande"
2461,"travailleurs"
2462,"reponsables"
2463,Fri Apr 07 09:44:53 CEST 2017 - lou -  : RT"
2464,Fri Apr 07 09:44:51 CEST 2017 - Barbara #Marine2017 - Bordeaux : RT"
2465,Fri Apr 07 09:44:46 CEST 2017 - ‚éõ‚éùL‚ìãC Reloaded.‚é†‚éû œÜ -  : RT"
2466,Fri Apr 07 09:44:39 CEST 2017 - lou -  : RT"
2467,Fri Apr 07 09:44:11 CEST 2017 - Quaresma Grosskreutz - Olympique de Marseille : RT"
2468,Fri Apr 07 09:44:08 CEST 2017 - mbk -  : RT"
2469,Fri Apr 07 09:44:03 CEST 2017 - lou -  : RT"
2470,"think"
2471,"guy"
2472,"cosplaying"
2473,"https://t.co/7n1fjjWxi7"
2474,Fri Apr 07 09:43:59 CEST 2017 - al - Val-d'Oise, Ile-de-France : RT"
2475,Fri Apr 07 09:43:44 CEST 2017 - antonio -  : RT"
2476,Fri Apr 07 09:43:39 CEST 2017 - Mounya Avec Un Y‚öΩ - Real Madrid : RT"
2477,Fri Apr 07 09:43:39 CEST 2017 - chris dauve - Montpellier, France : RT"
2478,Fri Apr 07 09:43:37 CEST 2017 - Luctif - 66130 : RT"
2479,Fri Apr 07 09:43:34 CEST 2017 - rosy1956 - Croissy-sur-Seine, Ile-de-France : RT"
2480,"passer"
2481,"production"
2482,"√©cologique."
2483,"https://t.co/u3xG1P6sDU"
2484,Fri Apr 07 09:43:31 CEST 2017 - Dimitri #MLP2017üá®üáµ - Charente-Maritime : RT"
2485,Fri Apr 07 09:43:30 CEST 2017 - Mounya Avec Un Y‚öΩ - Real Madrid : RT"
2486,Fri Apr 07 09:43:28 CEST 2017 - rosy1956 - Croissy-sur-Seine, Ile-de-France : RT"
2487,"changer"
2488,"Constitution"
2489,"d√©finir"
2490,"nouvelle"
2491,"d√©mocratie,"
2492,"6e"
2493,"R√©publique."
2494,"https://t.co/u3xG1P6s‚Ä¶"
2495,Fri Apr 07 09:43:23 CEST 2017 - Mounya Avec Un Y‚öΩ - Real Madrid : RT"
2496,Fri Apr 07 09:43:16 CEST 2017 - rosy1956 - Croissy-sur-Seine, Ile-de-France : RT"
2497,"rassembler,"
2498,"finir"
2499,"l'argent"
2500,"roi"
2501,"√©puise"
2502,"√™tres"
2503,"humains"
2504,"nature."
2505,Fri Apr 07 09:43:15 CEST 2017 - Tweetee - France : @xxxaurel"
2506,"https://t.co/dyjAyQiMMY"
2507,Fri Apr 07 09:43:13 CEST 2017 - wayne - #TeamAnus ‚Ä¢ olivia ‚ù§ : RT"
2508,Fri Apr 07 09:42:59 CEST 2017 - jacqueline dantec - Championne de france : RT"
2509,Fri Apr 07 09:42:50 CEST 2017 - Chacha - Ile-de-France, France : RT"
2510,"@v_kalifa:"
2511,"Lors"
2512,"monde,"
2513,Fri Apr 07 09:42:43 CEST 2017 - rosy1956 - Croissy-sur-Seine, Ile-de-France : RT"
2514,"jeunes"
2515,"g√©n√©rations"
2516,"l'avenir"
2517,"dette."
2518,Fri Apr 07 09:42:23 CEST 2017 - Emilie et M√©lissa - Paris  : RT"
2519,Fri Apr 07 09:42:13 CEST 2017 - Asurde Marc üåàüá´üá∑ -  : RT"
2520,Fri Apr 07 09:42:06 CEST 2017 - rosy1956 - Croissy-sur-Seine, Ile-de-France : RT"
2521,"l'Assembl√©e"
2522,"Constituante."
2523,"#6eRepublique"
2524,"https://t.co/pBd9MAHXk6"
2525,Fri Apr 07 09:41:42 CEST 2017 - Nih - Aix-Marseille : RT"
2526,Fri Apr 07 09:41:42 CEST 2017 - bishe√Øtan - Evreux, France : RT"
2527,Fri Apr 07 09:41:38 CEST 2017 - mrn - 93 : RT"
2528,Fri Apr 07 09:41:36 CEST 2017 - Thom -  : RT"
2529,""Sans"
2530,"aurait"
2531,"peut-√™tre"
2532,"eu"
2533,"aucune"
2534,"phrase"
2535,"affaires""
2536,"@CamilleLangladeüì∫https://t.co/‚Ä¶"
2537,Fri Apr 07 09:41:25 CEST 2017 - CAN'T STENCHON -  : RT"
2538,Fri Apr 07 09:41:21 CEST 2017 - dieuxlepere#FN -  : RT"
2539,Fri Apr 07 09:41:08 CEST 2017 - Tam -  : RT"
2540,"@STR_Trp:"
2541,"#Punchline"
2542,"d'@EmmanuelMacron"
2543,"d'hier."
2544,"https://t.co/V3o5d9JCec"
2545,Fri Apr 07 09:41:06 CEST 2017 - al - Val-d'Oise, Ile-de-France : RT"
2546,"@HautLesCrayons:"
2547,"contents!"
2548,"üí•#LeGrandDebat"
2549,"(dessin"
2550,"#Mykolas)"
2551,"https://t.co/nmpdyCdt00"
2552,Fri Apr 07 09:41:01 CEST 2017 - .sanai. - France : RT"
2553,Fri Apr 07 09:40:48 CEST 2017 - Tam -  : RT"
2554,"@bayrou:"
2555,".@EmmanuelMacron,"
2556,"j‚Äôai"
2557,"alliance"
2558,"ait"
2559,"os√©"
2560,"s‚Äôaffirmer"
2561,"europ√©en"
2562,"#UE"
2563,"#24HEnQues‚Ä¶"
2564,Fri Apr 07 09:40:42 CEST 2017 - .G - nowhere : RT"
2565,Fri Apr 07 09:40:29 CEST 2017 - Valdo Don Diego - Au chaud : RT"
2566,Fri Apr 07 09:40:18 CEST 2017 - Coco -  : RT"
2567,Fri Apr 07 09:40:18 CEST 2017 - Srewob Nicky -  : RT"
2568,"@keller_franck:"
2569,"n'entend"
2570,"FILLON"
2571,"SON"
2572,"OREILLETTE"
2573,"NE"
2574,"FONCTIONNE"
2575,"PAS"
2576,"üòÇüòÇüòÇ#Macron"
2577,"@enmarchefr"
2578,"#Presidenti‚Ä¶"
2579,Fri Apr 07 09:39:55 CEST 2017 - N√∏X -  : RT"
2580,"@MunsterMax:"
2581,"avait"
2582,"d√©j√†"
2583,"Rends"
2584,"l'argent#LeGrandDebat"
2585,"https://t.co/LnOKcfkMy2"
2586,Fri Apr 07 09:39:52 CEST 2017 - je t aime marine -  : RT"
2587,Fri Apr 07 09:39:50 CEST 2017 - | Silent | üå® - Umea, Su√®de : RT"
2588,Fri Apr 07 09:39:49 CEST 2017 - laldum - B.F.C. : RT"
2589,"@PierrickMoritz:"
2590,"convaincants."
2591,"hors-sol."
2592,Fri Apr 07 09:39:32 CEST 2017 - nabole pelagie - Lyon, France : RT"
2593,"@amnestyfrance:"
2594,"r√©fugi√©.e.s"
2595,"terroristes."
2596,"cherchent"
2597,"simplement"
2598,"reconstruire"
2599,"s√©curit√©."
2600,Fri Apr 07 09:39:22 CEST 2017 - Thibaud -  : RT"
2601,Fri Apr 07 09:39:20 CEST 2017 - BonbonPiment - √Æle de la R√©union : RT"
2602,"@ffuyons2017:"
2603,"rythme"
2604,"juges"
2605,"qu'√†"
2606,"campagne..."
2607,Fri Apr 07 09:39:19 CEST 2017 - miK.L - Lille : RT"
2608,Fri Apr 07 09:39:12 CEST 2017 - Hatem - 78340 : RT"
2609,Fri Apr 07 09:39:12 CEST 2017 - TeePy Entrepreneur - Lyon, France : Merci"
2610,"#Presidentielle2017‚Ä¶"
2611,"https://t.co/hsWQYIXOVy"
2612,Fri Apr 07 09:39:04 CEST 2017 - Isabelle BR - lyon : RT"
2613,Fri Apr 07 09:39:02 CEST 2017 - Tayeb -  : RT"
2614,"@puretele:"
2615,"ouf"
2616,"d√©bat."
2617,"https://t.co/Nzg8luIOkx"
2618,Fri Apr 07 09:38:52 CEST 2017 - .sanai. - France : RT"
2619,"@maddensins:"
2620,""60%"
2621,"religion."
2622,"FOUTEZ-NOUS"
2623,"PAIX"
2624,"AVEC"
2625,"RELIGION"
2626,"!"BLESS"
2627,"MELENCHON"
2628,"#legrandd√©bat"
2629,Fri Apr 07 09:38:32 CEST 2017 - Marie C. Tr√©moulet -  : RT"
2630,Fri Apr 07 09:38:31 CEST 2017 - Tweetee - France : @AlertesNews"
2631,"https://t.co/5C3bQByUgC"
2632,Fri Apr 07 09:38:27 CEST 2017 - Vangansbeke Brigitte -  : RT"
2633,Fri Apr 07 09:38:25 CEST 2017 - Sam -  : RT"
2634,"@jeromegodefroy:"
2635,"collector"
2636,"pulv√©rise"
2637,Fri Apr 07 09:38:02 CEST 2017 - MsAud83 -  : RT"
2638,Fri Apr 07 09:37:59 CEST 2017 - Emma D -  : RT"
2639,Fri Apr 07 09:37:54 CEST 2017 - Rat_des_champs - Alienor's favorite : RT"
2640,Fri Apr 07 09:37:25 CEST 2017 - bsr2017 - France : RT"
2641,"üí•‚ö†Ô∏è"
2642,"ALERTE"
2643,"‚ö†Ô∏èM√™me"
2644,"m√©dias"
2645,"ouvrent"
2646,"yeux"
2647,"visage"
2648,"#Macron."
2649,"üëç#LeGrandDebat"
2650,Fri Apr 07 09:37:06 CEST 2017 - MACRON leVoteEclair√© - Ici : RT"
2651,Fri Apr 07 09:36:57 CEST 2017 - dominique constanty - H√©rault, Languedoc-Roussillon : RT"
2652,"@diaoularmenez:"
2653,"Tais-toi"
2654,"restitue"
2655,"pognon!"
2656,"https://t.co/erx4TuHQgR"
2657,Fri Apr 07 09:36:54 CEST 2017 - L'Homme R√©volt√© - Bouches-du-Rh√¥ne : RT"
2658,Fri Apr 07 09:36:52 CEST 2017 - No√©mie üëªüíÅ - Team -1,60m / 17 ans / TS  : RT"
2659,"@leprofdeletre:"
2660,"C'√©tait"
2661,"programm√©"
2662,"super"
2663,"tard"
2664,""Tout"
2665,"place""
2666,"https://t.co/O4mZAEoDDe"
2667,Fri Apr 07 09:36:43 CEST 2017 - Alain De Vos - Metz : RT"
2668,"@PierreGentillet:"
2669,"n'aurai"
2670,"complaisance"
2671,"Qatar".Oui"
2672,"et?"
2673,"Concr√®tement"
2674,"fera-t-il?#LeGrandDebat"
2675,Fri Apr 07 09:36:43 CEST 2017 - Esteban ü¶Å -  : RT"
2676,Fri Apr 07 09:36:21 CEST 2017 - jaggillarsanningen -  : RT"
2677,Fri Apr 07 09:36:16 CEST 2017 - Abribus - FRANCE (52) : RT"
2678,Fri Apr 07 09:36:13 CEST 2017 - Maria B -  : RT"
2679,Fri Apr 07 09:36:07 CEST 2017 - Maria B -  : RT"
2680,Fri Apr 07 09:36:01 CEST 2017 - UPR_Ressources - Paris : RT"
2681,"@jean_emin:"
2682,"Au"
2683,"d√©but"
2684,"macron,"
2685,"apr√®s"
2686,"m'√™tre"
2687,"4h"
2688,"bebats"
2689,"@UPR_Asselineau."
2690,Fri Apr 07 09:35:50 CEST 2017 - Maria B -  : RT"
2691,Fri Apr 07 09:35:49 CEST 2017 - no2‚öú - Caen, Basse-Normandie : RT"
2692,Fri Apr 07 09:35:37 CEST 2017 - iomain - lulu. : RT"
2693,Fri Apr 07 09:35:29 CEST 2017 - Leeno-San -  : RT"
2694,Fri Apr 07 09:35:15 CEST 2017 - Tweetee - France : @tony_boss3"
2695,"https://t.co/G0EZCndW4m"
2696,Fri Apr 07 09:35:05 CEST 2017 - MattFrexitUpr -  : RT"
2697,Fri Apr 07 09:34:51 CEST 2017 - Maria B -  : RT"
2698,"@ValentifulLIVE:"
2699,"#Elys√©e2017"
2700,"#Debrief"
2701,">>"
2702,""Sinc√®rement,"
2703,"bon!""
2704,"https://t.co/cIO0PsAAP6"
2705,Fri Apr 07 09:34:46 CEST 2017 - Sco from Downtown - Lyon : RT"
2706,Fri Apr 07 09:34:40 CEST 2017 - Jujuüåû - or P-de-C new √©migr√© ds le Gard. France : RT"
2707,"@FabriceBalique:"
2708,"#LeGrandDebatRAPPELl'#europe"
2709,"connu"
2710,"histoire"
2711,"qu'une"
2712,"pais"
2713,"70"
2714,"ans.celle"
2715,"vivo‚Ä¶"
2716,Fri Apr 07 09:34:37 CEST 2017 - MsAud83 -  : RT"
2717,"@MiAldon:"
2718,"#LeGrandDebat#Melenchon"
2719,"üòäUn"
2720,"progr"
2721,"complet"
2722,"chiffr√©"
2723,"autre"
2724,"soci√©t√©."
2725,Fri Apr 07 09:34:36 CEST 2017 - Ghalem Alloula -  : @anne_sinclair"
2726,""habitent"
2727,"l‚Ä¶"
2728,"https://t.co/1EheoVLkwQ"
2729,Fri Apr 07 09:34:32 CEST 2017 - Maria B -  : RT"
2730,Fri Apr 07 09:34:31 CEST 2017 - Le dallic -  : RT"
2731,Fri Apr 07 09:34:29 CEST 2017 - crazy BMW driver - Where the ca$h at : RT"
2732,Fri Apr 07 09:34:21 CEST 2017 - citoyenne du monde - La Terre : RT"
2733,Fri Apr 07 09:34:21 CEST 2017 - El√©anora -  : RT"
2734,Fri Apr 07 09:34:17 CEST 2017 - Patricia -  : RT"
2735,Fri Apr 07 09:34:12 CEST 2017 - Fr√©d√©rique #E4E -  : RT"
2736,Fri Apr 07 09:34:04 CEST 2017 - Lede MONT -  : RT"
2737,Fri Apr 07 09:34:00 CEST 2017 - œÜ.melody œÜ - Essonne France : RT"
2738,Fri Apr 07 09:33:58 CEST 2017 - Luctif - 66130 : RT"
2739,Fri Apr 07 09:33:51 CEST 2017 - Sabrina B. Rodes - Paris : RT"
2740,Fri Apr 07 09:33:46 CEST 2017 - delagane -  FINISTERE France : RT"
2741,"@IsrafilElRafa:"
2742,"Chez"
2743,"Macron,"
2744,"vide"
2745,"creux"
2746,"supporters"
2747,"r√©alit√©"
2748,"robots"
2749,"...#LeGrandDebat"
2750,Fri Apr 07 09:33:44 CEST 2017 - leboucher - Le Havre, France : RT"
2751,"@fdg_helenefr:"
2752,"hier:"
2753,"pris"
2754,"part"
2755,"d'Alsthom!"
2756,"https://t.co/qdfQsr9nmq"
2757,Fri Apr 07 09:33:34 CEST 2017 - Duchamp Thierry - Moulins, Auvergne : RT"
2758,Fri Apr 07 09:33:33 CEST 2017 - Helmut Chacho ‚úèÔ∏è -  : RT"
2759,Fri Apr 07 09:33:30 CEST 2017 - Jujuüåû - or P-de-C new √©migr√© ds le Gard. France : RT"
2760,"#LeGrandDebat#LePen"
2761,"promouvoir"
2762,"r√©f√©rendumle"
2763,"gouvern√©"
2764,"r√©f√©rendum"
2765,"#europe"
2766,"s'appelait"
2767,"ado‚Ä¶"
2768,Fri Apr 07 09:33:29 CEST 2017 - silva J -  : #LeGrandDebat"
2769,"Faudrait"
2770,"offrir"
2771,"shampoing"
2772,"anti"
2773,"poux"
2774,"Macron,il"
2775,"arr√™tait"
2776,"gratter"
2777,"t√™te...Mais"
2778,"bon"
2779,"serait"
2780,"suicide.."
2781,Fri Apr 07 09:33:25 CEST 2017 - Pietro Fiani -  : RT"
2782,"@MonikNikmo:"
2783,"23H43"
2784,"pose"
2785,"!üòÇ#RendsLargent"
2786,"#CantStenchonTheMelenchon"
2787,"#J‚Ä¶"
2788,Fri Apr 07 09:33:24 CEST 2017 - St√©phane - France : RT"
2789,Fri Apr 07 09:33:11 CEST 2017 - Fabrice BALIQUE üá™üá∫ - France : RT"
2790,"#LeGrandDebatil"
2791,"mondialesans"
2792,"l'#europe"
2793,"france"
2794,"balay√©‚ÄºÔ∏èüò°üò°üò°"
2795,"https://t.co/YOP3‚Ä¶"
2796,Fri Apr 07 09:33:04 CEST 2017 - Slimane Tirera - Le Monde Chico : RT"
2797,Fri Apr 07 09:33:04 CEST 2017 - MattFrexitUpr -  : RT"
2798,Fri Apr 07 09:32:58 CEST 2017 - Fabrice BALIQUE üá™üá∫ - France : RT"
2799,"qu'en"
2800,"angleterre"
2801,"85/1000"
2802,"hab.c'est"
2803,"moins"
2804,"plupa‚Ä¶"
2805,Fri Apr 07 09:32:57 CEST 2017 - freeman œÜ - Dans l'oeil du cyclone : RT"
2806,Fri Apr 07 09:32:54 CEST 2017 - Fabrice BALIQUE üá™üá∫ - France : RT"
2807,"#LeGrandDebat#fillon"
2808,"supprimer"
2809,"500.000"
2810,"ch√¥meurs"
2811,"plusc'est"
2812,"mal"
2813,"lutte"
2814,"cont‚Ä¶"
2815,Fri Apr 07 09:32:50 CEST 2017 - BonbonPiment - √Æle de la R√©union : RT"
2816,Fri Apr 07 09:32:49 CEST 2017 - Fabrice BALIQUE üá™üá∫ - France : RT"
2817,"#LeGrandDebatla"
2818,"#gauche"
2819,"fera"
2820,"progr√®s"
2821,"jour"
2822,"o√π"
2823,"aura"
2824,"compris"
2825,"combattre"
2826,"#capitalisme"
2827,"vainil"
2828,"f‚Ä¶"
2829,Fri Apr 07 09:32:44 CEST 2017 - Fabrice BALIQUE üá™üá∫ - France : RT"
2830,Fri Apr 07 09:32:40 CEST 2017 - Fabrice BALIQUE üá™üá∫ - France : RT"
2831,"#LeGrandDebat#lepen"
2832,"#fillon"
2833,"vaut"
2834,"pesant"
2835,"d'or‚ÄºÔ∏èüòã"
2836,"https://t.co/nQsjiC17T6"
2837,Fri Apr 07 09:32:38 CEST 2017 - Bonjour la France - Villepinte, France : RT"
2838,Fri Apr 07 09:32:35 CEST 2017 - Fabrice BALIQUE üá™üá∫ - France : RT"
2839,"chomage,"
2840,"violence,"
2841,"pauvret√©,"
2842,"terrorismeune"
2843,"solution‚Ä¶"
2844,Fri Apr 07 09:32:32 CEST 2017 - Sylvain-M -  : #BFMTV"
2845,"https://t.co/ORBmTCsHsy"
2846,Fri Apr 07 09:32:30 CEST 2017 - Fabrice BALIQUE üá™üá∫ - France : RT"
2847,Fri Apr 07 09:32:25 CEST 2017 - Fabrice BALIQUE üá™üá∫ - France : RT"
2848,"#LeGrandDebatgouverner"
2849,"pr√©voirla"
2850,"1%"
2851,"population"
2852,"3%"
2853,"PIB"
2854,"mondialel'europe"
2855,"c'e‚Ä¶"
2856,Fri Apr 07 09:32:22 CEST 2017 - Fabrice BALIQUE üá™üá∫ - France : RT"
2857,"#LeGrandDebatsi"
2858,"revenir"
2859,"#franc"
2860,"revoir"
2861,"gouvernements"
2862,"n'importe"
2863,"monnaie"
2864,"comm‚Ä¶"
2865,Fri Apr 07 09:32:17 CEST 2017 - Fabrice BALIQUE üá™üá∫ - France : RT"
2866,"#Cheminadela"
2867,"nation"
2868,"‚ÄºÔ∏èvoyons"
2869,"cela"
2870,"carte"
2871,"https://t.co/h‚Ä¶"
2872,Fri Apr 07 09:32:13 CEST 2017 - Fabrice BALIQUE üá™üá∫ - France : RT"
2873,"soritr"
2874,"l'#euro"
2875,"fermer"
2876,"fronti√®rescomme"
2877,"ann√©es"
2878,"30"
2879,"ligne"
2880,"maginot‚Ä¶"
2881,Fri Apr 07 09:32:10 CEST 2017 - Fabrice BALIQUE üá™üá∫ - France : RT"
2882,"taxer"
2883,"entreprises"
2884,"embauchent"
2885,"√©trangersc'est"
2886,"mort"
2887,"haute"
2888,"technologie"
2889,"F‚Ä¶"
2890,Fri Apr 07 09:32:03 CEST 2017 - daniel stolla -  : RT"
2891,"pr√©sidentiel"
2892,"plaid√©"
2893,"paradoxalement"
2894,"r√©publique"
2895,"parlementaire"
2896,"d'un"
2897,"maj‚Ä¶"
2898,Fri Apr 07 09:32:03 CEST 2017 - Gerard Scholzen - 92270 : RT"
2899,Fri Apr 07 09:32:01 CEST 2017 - maldon -  : RT"
2900,Fri Apr 07 09:32:00 CEST 2017 - Jules üïµüèª -  : RT"
2901,Fri Apr 07 09:31:52 CEST 2017 - Lau' -  : RT"
2902,Fri Apr 07 09:31:20 CEST 2017 - manon - Li√©vin, France : RT"
2903,Fri Apr 07 09:31:16 CEST 2017 - didier - France : RT"
2904,Fri Apr 07 09:31:08 CEST 2017 - Luctif - 66130 : RT"
2905,Fri Apr 07 09:31:01 CEST 2017 - Emmanuel Foulon - Belgium : RT"
2906,Fri Apr 07 09:31:00 CEST 2017 - Rapha - Morangis-Melga√ßo-MarinhaGrande : RT"
2907,"@LePoint:"
2908,"R√©sultats"
2909,"#LePoint/@opinionway"
2910,"lequel"
2911,"https://t.co/QUtzsWChET"
2912,Fri Apr 07 09:30:58 CEST 2017 - Luctif - 66130 : RT"
2913,"@franceinfo:"
2914,"jug√©"
2915,"convaincant,"
2916,"https://t.co/LDcgHZgXT0"
2917,Fri Apr 07 09:30:41 CEST 2017 - actioNS=solutioNSPF - idf : RT"
2918,"@SoutenonsFillon:"
2919,"femmes"
2920,"soutiennent"
2921,"!#FillonProvins"
2922,Fri Apr 07 09:30:41 CEST 2017 - Luctif - 66130 : RT"
2923,"@LutteContreleFN:"
2924,"via"
2925,"@FutalorsPoutou"
2926,Fri Apr 07 09:30:40 CEST 2017 - ANDRE NICOLAS - France : RT"
2927,Fri Apr 07 09:30:28 CEST 2017 - Torquet Jorite -  : RT"
2928,Fri Apr 07 09:30:27 CEST 2017 - Thanh Nguyen -  : RT"
2929,Fri Apr 07 09:30:23 CEST 2017 - Julie -  : RT"
2930,Fri Apr 07 09:30:11 CEST 2017 - C√©b√©üá´üá∑SPF - Bretagne, France : RT"
2931,Fri Apr 07 09:30:09 CEST 2017 - üëÄ‚ù£Ô∏è -  : RT"
2932,Fri Apr 07 09:30:09 CEST 2017 - sabrina - Lyon : RT"
2933,Fri Apr 07 09:30:04 CEST 2017 - Hugro - Orl√©ans, France : RT"
2934,Fri Apr 07 09:29:48 CEST 2017 - nussbo üïµüèªü¶Çü¶à - Santa Cruz, CA : RT"
2935,Fri Apr 07 09:29:22 CEST 2017 - Davin Paulette -  : RT"
2936,"Chatel,"
2937,""beaucoup"
2938,"chaos"
2939,"#LeGrandD√©bat,"
2940,"p√®sent"
2941,"6%"
2942,"six,"
2943,"plupart"
2944,"marxist‚Ä¶"
2945,Fri Apr 07 09:29:21 CEST 2017 - #AvecMarine2017 -  : RT"
2946,Fri Apr 07 09:29:19 CEST 2017 - ‚úå üïä - Essonne, Ile-de-France : RT"
2947,Fri Apr 07 09:29:16 CEST 2017 - ‚â´= Œªnthyme - Paris, Ile-de-France : RT"
2948,"@GaellePierson:"
2949,"https://t.co/tBnUDoZkjh"
2950,Fri Apr 07 09:29:09 CEST 2017 - delagane -  FINISTERE France : RT"
2951,"@n_arthaud"
2952,"vocif√©rait"
2953,"patronat"
2954,"üòÇüòÇüòÇüòÇüòÇ"
2955,"https://t.co/JQUKUAU7UM"
2956,Fri Apr 07 09:29:07 CEST 2017 - JM Pentecouteau - Niort (79) France : RT"
2957,Fri Apr 07 09:28:42 CEST 2017 - karim -  : RT"
2958,"@David_Achau:"
2959,"met"
2960,"PLS"
2961,"#thuglife"
2962,"https://t.co/bNUKZXDJK2"
2963,Fri Apr 07 09:28:32 CEST 2017 - cedubeton - Belgique : RT"
2964,"@cedubeton:"
2965,"lettre"
2966,"pr√®s,"
2967,"#macron"
2968,"biscuit."
2969,"Dingue"
2970,"destin"
2971,"parfois."
2972,Fri Apr 07 09:28:09 CEST 2017 - Frederico Elwing - T√ºbingen, Germany : RT"
2973,"@FMicheau:"
2974,"Sondage"
2975,"@opinionway"
2976,"@LePoint17%"
2977,"t√©l√©spectateurs"
2978,"chang√©"
2979,"d'intention"
2980,"#LeGrandDebatPrincipal"
2981,"b√©n√©ficaire‚Ä¶"
2982,Fri Apr 07 09:28:00 CEST 2017 - #AvecMarine2017 -  : RT"
2983,"@MarineElysee:"
2984,"t‚Ä¶"
2985,Fri Apr 07 09:27:55 CEST 2017 - -'Antoine'- - Tours, France : RT"
2986,Fri Apr 07 09:27:51 CEST 2017 - Frederico Elwing - T√ºbingen, Germany : RT"
2987,Fri Apr 07 09:27:42 CEST 2017 - #AvecMarine2017 -  : RT"
2988,"@avec_marine:"
2989,"Retweete"
2990,"libre"
2991,"prosp√®re"
2992,"#MarinePr√©sidente"
2993,"https://t.co/uJxoSnlz2Q"
2994,Fri Apr 07 09:27:28 CEST 2017 - 19 -  : RT"
2995,Fri Apr 07 09:27:21 CEST 2017 - L' Eden - 95. Le rep√®re : RT"
2996,Fri Apr 07 09:27:17 CEST 2017 - Bbruti - 19.12.14 : RT"
2997,Fri Apr 07 09:27:11 CEST 2017 - Mioumi Madame Ou - Senlis, France : RT"
2998,Fri Apr 07 09:27:06 CEST 2017 - coucou -  : RT"
2999,Fri Apr 07 09:26:57 CEST 2017 - Jessy - Bretagne, France : RT"
3000,"@Imanyofficiel:"
3001,"peu"
3002,"citoyen"
3003,"infiltr√©"
3004,"venge"
3005,"üòÇüòÇ"
3006,Fri Apr 07 09:26:55 CEST 2017 - glenat Andr√© - annecy : RT"
3007,Fri Apr 07 09:26:47 CEST 2017 - polo üåà - Dublin, Irlande : RT"
3008,"@TheWalkingStark:"
3009,""quel"
3010,"religion""
3011,"https://t.co/VuSFFE1Nql"
3012,Fri Apr 07 09:26:46 CEST 2017 - PERRET R√©mi - Franche-Comt√©, France : RT"
3013,Fri Apr 07 09:26:39 CEST 2017 - the truth -  : En"
3014,"France/6h:"
3015,"1.#macron"
3016,"2.#fillon"
3017,"3.#legranddebat"
3018,"4.#concours"
3019,"5.#poutou"
3020,"Eyes"
3021,"for"
3022,"#Gaza"
3023,"#online"
3024,"#donation"
3025,"#ca‚Ä¶‚Ä¶"
3026,"https://t.co/3lT0aTZQGL"
3027,Fri Apr 07 09:26:38 CEST 2017 - Nawel - pays des lumi√®res √©teintes : RT"
3028,Fri Apr 07 09:26:32 CEST 2017 - PERRET R√©mi - Franche-Comt√©, France : RT"
3029,"donner"
3030,"l'avantage"
3031,"terroristes"
3032,"laissant"
3033,"diviser."
3034,"https://t.co/27YyjuunAL"
3035,Fri Apr 07 09:26:30 CEST 2017 - chrislointain -  : RT"
3036,"-R.Elkrief"
3037,""nous"
3038,"allons"
3039,"aborder"
3040,"l'exemplarit√©"
3041,"politique"-Fillon"
3042,"https://t.co/e9qHvjs7SX"
3043,Fri Apr 07 09:26:28 CEST 2017 - clodi pratola - vaux le penil 77 france : RT"
3044,Fri Apr 07 09:26:24 CEST 2017 - Libr√©lectron -  : RT"
3045,Fri Apr 07 09:26:23 CEST 2017 - Kevin Gompertz - Paris, Ile-de-France : RT"
3046,"@cdnqrs:"
3047,"#LeGrandDebatEt"
3048,"l√†,"
3049,"3eme"
3050,"TT"
3051,"Monde."
3052,"#compol"
3053,"https://t.co/4kyutMDC8q"
3054,Fri Apr 07 09:26:23 CEST 2017 - polo üåà - Dublin, Irlande : RT"
3055,"@sneazzy:"
3056,"https://t.co/ZttS6uqdd8"
3057,Fri Apr 07 09:26:21 CEST 2017 - MsAud83 -  : RT"
3058,Fri Apr 07 09:26:19 CEST 2017 - #AvecMarine2017 -  : RT"
